"","Name","raised_amount_usd"
"3i Group","3i Group",20709100.372549
"3M New Ventures","3M New Ventures",4882993
"A-Grade Investments","A-Grade Investments",4216666.66666667
"Abingworth","Abingworth",34740834.5862069
"Acacia Capital Partners","Acacia Capital Partners",1.6e+07
"Accede Capital","Accede Capital",6900000
"Accel Partners","Accel Partners",8727059.62133891
"Accelerator Ventures","Accelerator Ventures",2372835.73333333
"ACE & Company","ACE & Company",1259615.38461538
"ACT Venture Capital","ACT Venture Capital",8581014.44444444
"Actis","Actis",78600000
"Active Venture Partners","Active Venture Partners",5511723.33333333
"Acton Capital Partners","Acton Capital Partners",15184112.9090909
"Adams Street Partners","Adams Street Partners",19204362.3188406
"Adara Venture Partners","Adara Venture Partners",9693437.5
"Adobe Ventures","Adobe Ventures",10237500
"Advanced Technology Ventures","Advanced Technology Ventures",14848734.9791667
"Advantage Capital Partners","Advantage Capital Partners",6455178.67346939
"Advantage Creative Fund","Advantage Creative Fund",236000
"Advent Venture Partners","Advent Venture Partners",12463339.3488372
"Adventure Capital","Adventure Capital",250000
"Aisling Capital","Aisling Capital",23736529.0967742
"Albion Ventures","Albion Ventures",3756240
"Aleph","Aleph",5e+06
"Alfred Wieder AG","Alfred Wieder AG",1190000
"Alloy Ventures","Alloy Ventures",14876470.0108696
"Alsop Louie Partners","Alsop Louie Partners",5887154.86666667
"Alta Partners","Alta Partners",19391419.6235294
"Altos Ventures","Altos Ventures",4797290.20833333
"Alven Capital","Alven Capital",4729904.16666667
"Amadeus Capital Partners","Amadeus Capital Partners",14256544.9275362
"AME Cloud Ventures","AME Cloud Ventures",6596428.57142857
"Amgen Ventures","Amgen Ventures",2.6e+07
"Amicus Capital","Amicus Capital",4144827.5862069
"Amplify Partners","Amplify Partners",7328571.42857143
"Andreessen Horowitz","Andreessen Horowitz",15395953.27897
"Anthem Venture Partners","Anthem Venture Partners",9550466.59459459
"Anthos Capital","Anthos Capital",5666666.66666667
"AOL Ventures","AOL Ventures",5781911.76470588
"Apax Partners","Apax Partners",12489047.6190476
"Applied Ventures","Applied Ventures",16855698.3333333
"Apposite Capital","Apposite Capital",27780000
"ARC Financial","ARC Financial",2542500
"ARCH Venture Partners","ARCH Venture Partners",15928574.5869565
"Ariadne Capital","Ariadne Capital",1500000
"Arsenal Venture Partners","Arsenal Venture Partners",9140000
"Artiman Ventures","Artiman Ventures",16247696.9393939
"ARTIS Ventures","ARTIS Ventures",22065789.4736842
"Arts Alliance Ventures","Arts Alliance Ventures",7448185.07692308
"Ascension Ventures","Ascension Ventures",12037166.1578947
"Asset Management Ventures","Asset Management Ventures",21454117.6470588
"ATA Ventures","ATA Ventures",8336619.14084507
"Atlantic Bridge","Atlantic Bridge",13825465.3846154
"Atlas Venture","Atlas Venture",6942096.2760181
"Atomico","Atomico",15701495.7037037
"Augment Investments","Augment Investments",1e+07
"Augmentum Capital","Augmentum Capital",17096497.5
"August Capital","August Capital",9782999.19090909
"Aurelia Private Equity","Aurelia Private Equity",5620546.66666667
"Austin Ventures","Austin Ventures",7739051.68047337
"Austral Capital","Austral Capital",2848000
"Avalon Ventures","Avalon Ventures",5733044.7972973
"Avlar BioVentures","Avlar BioVentures",8895900.83333333
"AXM Venture Capital Limited","AXM Venture Capital Limited",659134
"Axon Partners Group","Axon Partners Group",2456983.33333333
"Azini Capital Partners","Azini Capital Partners",8250000
"Azure Capital Partners","Azure Capital Partners",10198546.7741935
"b-to-v Partners AG","b-to-v Partners AG",6223757.14285714
"Bain Capital Ventures","Bain Capital Ventures",13546576.5765766
"Balderton Capital","Balderton Capital",10877351.0980392
"Band of Angels","Band of Angels",3498658.13461538
"Baroda Ventures","Baroda Ventures",8409976.42307692
"Baseline Ventures","Baseline Ventures",4430717.93258427
"Battery Ventures","Battery Ventures",13152098.7983193
"Bay Partners","Bay Partners",9961349.48453608
"Bayview Capital","Bayview Capital",3500000
"BDC Venture Capital","BDC Venture Capital",5712243.79878049
"Bee Partners","Bee Partners",3523181.81818182
"Benchmark","Benchmark",8473858.1559322
"Bessemer Venture Partners","Bessemer Venture Partners",9531111.02491103
"BEST Funds","BEST Funds",2882121.18181818
"Bestport Ventures","Bestport Ventures",6870000
"betaworks","betaworks",1732811.02439024
"Bioventures Investors","Bioventures Investors",13548571.4285714
"Birchmere Ventures","Birchmere Ventures",14257894.7368421
"Blackbird Ventures (Australia)","Blackbird Ventures (Australia)",1234828.25
"Bloomberg Beta","Bloomberg Beta",4250000
"BlueRun Ventures","BlueRun Ventures",7388928.35632184
"Blumberg Capital","Blumberg Capital",3652233.20754717
"Blume Ventures","Blume Ventures",640550.416666667
"BOLDstart Ventures","BOLDstart Ventures",2094166.66666667
"Bowery Capital","Bowery Capital",2816666.66666667
"BoxGroup","BoxGroup",2181731.09174312
"Brandon Capital Partners","Brandon Capital Partners",7244656.5
"Brightspark Ventures","Brightspark Ventures",7198972.46666667
"Brooklyn Bridge Ventures","Brooklyn Bridge Ventures",1393000
"Bullpen Capital","Bullpen Capital",4329338.85714286
"Burch Creative Capital","Burch Creative Capital",4e+06
"CAA Ventures","CAA Ventures",1.3e+07
"California Technology Ventures","California Technology Ventures",9524153.875
"Canaan Partners","Canaan Partners",7940768.74468085
"Canyon Creek Capital","Canyon Creek Capital",3915000
"Capnamic Ventures","Capnamic Ventures",4300000
"Capricorn Investment Group","Capricorn Investment Group",39827272.6363636
"Carmel Ventures","Carmel Ventures",4963820.2247191
"Catapult Venture Managers","Catapult Venture Managers",1683798.12
"Celtic House Venture Partners","Celtic House Venture Partners",9117081.0625
"CentreStone Ventures","CentreStone Ventures",3500000
"CFH","CFH",24312500
"Charles River Ventures","Charles River Ventures",6567287.49537037
"Chart Venture Partners","Chart Venture Partners",7383333.33333333
"Chicago Growth Partners","Chicago Growth Partners",16292364.6666667
"Cipio Partners","Cipio Partners",9486199.95833333
"Cisco","Cisco",11633485.9882353
"Clarendon Fund Managers","Clarendon Fund Managers",3981132.5
"Clave Mayor","Clave Mayor",3307276.36363636
"Clean Energy Venture Group","Clean Energy Venture Group",1893333.33333333
"Cleantech Ventures","Cleantech Ventures",9e+06
"Clearpoint Ventures","Clearpoint Ventures",17500000
"Clearstone Venture Partners","Clearstone Venture Partners",7636402.29508197
"CM Capital Investments","CM Capital Investments",6954782.60869565
"Coatue Management","Coatue Management",47500000
"Collaborative Fund","Collaborative Fund",3716666.66666667
"Columbia Capital","Columbia Capital",16458846.1538462
"Columbia Partners Private Capital","Columbia Partners Private Capital",2.5e+07
"Comcast Ventures","Comcast Ventures",9926301.36986301
"Conduit Ventures","Conduit Ventures",10272286
"Confrapar","Confrapar",1037500
"Connect Ventures","Connect Ventures",2643825.6
"Connecticut Innovations","Connecticut Innovations",1163819.56962025
"Core VC","Core VC",2e+06
"Correlation Ventures","Correlation Ventures",5126872.89189189
"Costanoa Venture Capital","Costanoa Venture Capital",5967857.14285714
"Covera Ventures","Covera Ventures",6397826.08695652
"Covington Funds","Covington Funds",4966666.66666667
"Cowboy Ventures","Cowboy Ventures",2838125
"Coyote Ridge Ventures","Coyote Ridge Ventures",1100000
"Creandum","Creandum",7960448
"Creathor Venture Management","Creathor Venture Management",6763252.94117647
"Credo Ventures","Credo Ventures",1160915
"Crescent Capital","Crescent Capital",5660000
"Crosscut Ventures","Crosscut Ventures",1850321.94444444
"Crosslink Capital","Crosslink Capital",10056233.3700787
"Crosspoint Venture Partners","Crosspoint Venture Partners",16663636.3636364
"CrunchFund","CrunchFund",8608674.00952381
"Cue Ball","Cue Ball",8033333.33333333
"Cultivian Ventures","Cultivian Ventures",9900000
"CVC Capital Partners","CVC Capital Partners",644000
"Cycle Capital","Cycle Capital",22146249.1666667
"Dace Ventures","Dace Ventures",5523750
"DAG Ventures","DAG Ventures",12413913.9360465
"Data Collective","Data Collective",5850298.21428571
"Data Point Capital","Data Point Capital",3062500
"Dawn Capital","Dawn Capital",12346991.5454545
"DBL Investors","DBL Investors",29241904.7619048
"DCM","DCM",12026470.3835616
"Dell Ventures","Dell Ventures",1.6e+07
"Delphi Ventures","Delphi Ventures",22298674.5714286
"Deutsche Telekom","Deutsche Telekom",32250000
"DFJ Esprit","DFJ Esprit",8898866.01694915
"DFJ Frontier","DFJ Frontier",4784431.81818182
"DFJ Gotham Ventures","DFJ Gotham Ventures",4942391.30434783
"DFJ Growth","DFJ Growth",44209485.7142857
"DN Capital","DN Capital",7700761.02702703
"Domain Associates","Domain Associates",16858558.8076923
"Double M Partners","Double M Partners",2083299.77272727
"DoubleRock","DoubleRock",2850000
"Draper Fisher Jurvetson (DFJ)","Draper Fisher Jurvetson (DFJ)",6934792.88793103
"Drive Capital","Drive Capital",6166666.66666667
"Dumont Venture","Dumont Venture",5453721.42857143
"Dynamics Venture Capital Fund","Dynamics Venture Capital Fund",8860386
"e.Bricks Digital","e.Bricks Digital",250000
"e.ventures","e.ventures",6891921.01333333
"Earlybird Venture Capital","Earlybird Venture Capital",10863896.744186
"Earthrise Capital Partners","Earthrise Capital Partners",3200000
"Easton Capital","Easton Capital",14411635.7241379
"EC1 Capital Ltd","EC1 Capital Ltd",1059151
"EchoVC Partners","EchoVC Partners",6e+05
"ECI Partners","ECI Partners",20942089
"Ecosystem Ventures","Ecosystem Ventures",1627561.77777778
"Eden Ventures","Eden Ventures",8771109.04761905
"Edison Ventures","Edison Ventures",3644499.7125
"El Dorado Ventures","El Dorado Ventures",10466363.6363636
"Elevate Ventures","Elevate Ventures",847170
"EMBL Ventures","EMBL Ventures",15485033.3333333
"Emergence Capital Partners","Emergence Capital Partners",10904405.4444444
"EnerTech Capital","EnerTech Capital",13258470.8333333
"Enjoyventure Management","Enjoyventure Management",5794976
"Enterprise Equity Limited","Enterprise Equity Limited",3824343.84615385
"Enterprise Ireland","Enterprise Ireland",2552315.27956989
"Environmental Technologies Fund","Environmental Technologies Fund",12350000
"Epiphany Ventures","Epiphany Ventures",5e+06
"ESB Novusmodus","ESB Novusmodus",6817952
"European Equity Partners","European Equity Partners",41095600
"Evergreen Venture Partners","Evergreen Venture Partners",6925608.12068965
"EVP Capital Management","EVP Capital Management",3910666.66666667
"Extremadura Avante","Extremadura Avante",326300
"Fairhaven Capital Partners","Fairhaven Capital Partners",8768750
"Felicis Ventures","Felicis Ventures",5936725.12162162
"Fenox Venture Capital","Fenox Venture Capital",3225000
"ff Venture Capital","ff Venture Capital",3634538.6969697
"Fidelity Growth Partners Europe","Fidelity Growth Partners Europe",11569822.75
"Fidelity Ventures","Fidelity Ventures",33465644.06
"Finance Wales","Finance Wales",2728872.96774194
"Finaves S.C.R.","Finaves S.C.R.",1159100
"Fir Capital","Fir Capital",3e+06
"First Round Capital","First Round Capital",3793761.31871345
"FirstMark Capital","FirstMark Capital",12698732.8901099
"Flagship Ventures","Flagship Ventures",13211236.3195876
"FLOODGATE","FLOODGATE",3615077.46511628
"Flybridge Capital Partners","Flybridge Capital Partners",8233609.4954955
"Focus Ventures","Focus Ventures",11057692.3076923
"Foragen Technologies Management","Foragen Technologies Management",1600000
"Forerunner Ventures","Forerunner Ventures",5592833.7037037
"Foresite Capital","Foresite Capital",22333333.3333333
"Formation 8","Formation 8",13798846.1538462
"Foundation Capital","Foundation Capital",9767231.44221106
"Founder Collective","Founder Collective",1548420.29746835
"Founder's Co-op","Founder's Co-op",1680935.36585366
"Founders Fund","Founders Fund",12792033.9055118
"Foundry Group","Foundry Group",4226582.76068376
"Fountain Healthcare Partners","Fountain Healthcare Partners",19551707.1428571
"Four Rivers Group","Four Rivers Group",13875000
"Frazier Healthcare Ventures","Frazier Healthcare Ventures",18914635.9811321
"Frazier Technology Ventures","Frazier Technology Ventures",11980769.2307692
"Freestyle Capital","Freestyle Capital",1980408.15555556
"Frog Capital","Frog Capital",7610859.5
"Fuel Capital","Fuel Capital",1425000
"FundersClub","FundersClub",2590858.39130435
"Fung Capital USA","Fung Capital USA",9391666.66666667
"Gamma Capital Partners","Gamma Capital Partners",4769466.66666667
"Gemini Israel Ventures","Gemini Israel Ventures",5589376.01333333
"General Atlantic","General Atlantic",74415155.2941176
"General Catalyst Partners","General Catalyst Partners",9422761.43801653
"Genesis Partners","Genesis Partners",7097500
"Genesys Capital","Genesys Capital",14886666.6666667
"GENIUS Venture Capital","GENIUS Venture Capital",1020137.5
"Genwealth Venture Partners","Genwealth Venture Partners",2e+06
"Georgian Partners","Georgian Partners",19740492.125
"GGV Capital","GGV Capital",15091964.2857143
"Gimv","Gimv",18114079.5172414
"Global Founders Capital","Global Founders Capital",5192085.66666667
"Global Life Science Ventures","Global Life Science Ventures",15430000
"Globespan Capital Partners","Globespan Capital Partners",9344612.06034483
"Glynn Capital Management","Glynn Capital Management",46223809.5238095
"Golden Gate Ventures","Golden Gate Ventures",1506250
"Golden Venture Partners","Golden Venture Partners",4575519.53333333
"Goldman Sachs","Goldman Sachs",35670856.46
"Google Ventures","Google Ventures",7846781.89400922
"GrandBanks Capital","GrandBanks Capital",6521085.28205128
"Granite Ventures","Granite Ventures",6492939.98823529
"Great Oaks Venture Capital","Great Oaks Venture Capital",1959211.73076923
"Greycroft Partners","Greycroft Partners",4918899.67479675
"Greylock Partners","Greylock Partners",12789590.0033445
"GrowthWorks Capital","GrowthWorks Capital",8650984.10638298
"GSV Capital","GSV Capital",22153122.037037
"Hamilton BioVentures","Hamilton BioVentures",32580000
"Harris & Harris Group","Harris & Harris Group",11872322.8571429
"Harrison Metal Capital","Harrison Metal Capital",5839777.76190476
"Helion Venture Partners","Helion Venture Partners",8380020.90909091
"High Line Venture Partners","High Line Venture Partners",2789473.68421053
"High Peaks Venture Partners","High Peaks Venture Partners",3395000
"Highgrowth Partners","Highgrowth Partners",2003364.28571429
"Highland Capital Partners","Highland Capital Partners",10452519.0858369
"Highway 12 Ventures","Highway 12 Ventures",4716515.63636364
"HLM Venture Partners","HLM Venture Partners",13129930.195122
"Howzat Partners","Howzat Partners",1515251
"Hudson Ventures","Hudson Ventures",7024444.44444444
"Hummer Winblad Venture Partners","Hummer Winblad Venture Partners",6566091.94252874
"HV Holtzbrinck Ventures","HV Holtzbrinck Ventures",12406937.5
"Hyde Park Venture Partners","Hyde Park Venture Partners",1484615.38461538
"IA Ventures","IA Ventures",4700022.10169492
"Idealab","Idealab",16035000
"IDG Ventures","IDG Ventures",6334446.98076923
"IDG Ventures USA","IDG Ventures USA",7800000
"IDInvest Partners","IDInvest Partners",12135123.265625
"Ignition Partners","Ignition Partners",6344539.47368421
"Illuminate Ventures","Illuminate Ventures",12681818.1818182
"Imlay Investments","Imlay Investments",5895681.81818182
"Imperious Group","Imperious Group",250000
"In-Q-Tel","In-Q-Tel",10788127.5217391
"Index Ventures","Index Ventures",10584705.9238754
"India Quotient","India Quotient",155000
"Initialized Capital","Initialized Capital",1308333.33333333
"InnoCal Venture Capital","InnoCal Venture Capital",14368750
"Innovacom","Innovacom",8022409.58928571
"Innovacorp","Innovacorp",3609071.125
"Innovation Capital","Innovation Capital",8843050
"iNovia Capital","iNovia Capital",4541541.28235294
"Insight Venture Partners","Insight Venture Partners",30190582.125
"Institutional Venture Partners","Institutional Venture Partners",23492614.4578313
"INTEC IT Capital","INTEC IT Capital",4200000
"Intel Capital","Intel Capital",7230341.38266385
"Intelligent Venture Capital","Intelligent Venture Capital",767000
"InterWest Partners","InterWest Partners",9727519.43428571
"Inventages Venture Capital Investment Inc.","Inventages Venture Capital Investment Inc.",12356995.2666667
"Inventus Capital Partners","Inventus Capital Partners",2745500
"Investor AB","Investor AB",1.5e+07
"Investor Growth Capital","Investor Growth Capital",14231628.6790123
"IP Group Plc","IP Group Plc",7836945.43333333
"IQ Capital Partners","IQ Capital Partners",2936236.58823529
"Jafco Ventures","Jafco Ventures",8266010.94845361
"Javelin Venture Partners","Javelin Venture Partners",4093846.15384615
"Jerusalem Venture Partners","Jerusalem Venture Partners",9445098.03921569
"JMI Equity","JMI Equity",17249024.3902439
"Johnson & Johnson Development Corporation","Johnson & Johnson Development Corporation",22192969.9571429
"Juniper Networks","Juniper Networks",13152941.1764706
"K9 Ventures","K9 Ventures",3823332.74074074
"Kapor Capital","Kapor Capital",2734024.43902439
"Karlin Ventures","Karlin Ventures",2919166.66666667
"kbs+ Ventures","kbs+ Ventures",3558333.33333333
"KEC Ventures","KEC Ventures",4563461.53846154
"Kepha Partners","Kepha Partners",3047391.30434783
"Kernel Capital Partners","Kernel Capital Partners",2624910.78571429
"Khosla Ventures","Khosla Ventures",11513015.275
"Kima Ventures","Kima Ventures",930489
"Klass Capital","Klass Capital",3080000
"Kleiner Perkins Caufield & Byers","Kleiner Perkins Caufield & Byers",15779863.7613883
"Kodiak Venture Partners","Kodiak Venture Partners",8279259.25925926
"KPCB Holdings","KPCB Holdings",17324040.9333333
"Kreos Capital","Kreos Capital",11468859.5714286
"Lakestar","Lakestar",58100000
"LaunchCapital","LaunchCapital",1933936.73684211
"Learn Capital","Learn Capital",5409565.2173913
"Leonardo Venture","Leonardo Venture",1407500
"Lerer Ventures","Lerer Ventures",2269031.58641975
"Lightbank","Lightbank",1923928.57142857
"Lightspeed Venture Partners","Lightspeed Venture Partners",10675920.6956522
"Linseed Capital","Linseed Capital",468333.333333333
"Long Ridge Equity Partners","Long Ridge Equity Partners",1.5e+07
"Longbow Capital","Longbow Capital",2418035.5
"Longworth Venture Partners","Longworth Venture Partners",5127097.91666667
"Lowercase Capital","Lowercase Capital",3057169.975
"Ludlow Ventures","Ludlow Ventures",2139673.63636364
"Lumira Capital","Lumira Capital",17540976.5714286
"Lux Capital","Lux Capital",13186287.7435897
"Lyceum Capital","Lyceum Capital",43755408.75
"Madrona Venture Group","Madrona Venture Group",5079358.71544715
"Mangrove Capital Partners","Mangrove Capital Partners",7324761.9047619
"Marlin Equity Partners","Marlin Equity Partners",2.6e+09
"Matrix Partners","Matrix Partners",8545630.085
"Maveron","Maveron",6017171.234375
"Mayfield Fund","Mayfield Fund",6212639.56345178
"Medicis Capital","Medicis Capital",23533333.3333333
"Menlo Ventures","Menlo Ventures",7585856.21428571
"Mercury Fund","Mercury Fund",3681137.59615385
"Meridian Venture Partners","Meridian Venture Partners",3e+06
"Meritech Capital Partners","Meritech Capital Partners",22919236.4
"MESA+","MESA+",1043235.29411765
"Metamorphic Ventures","Metamorphic Ventures",4437371.19148936
"MHS Capital","MHS Capital",5661666.66666667
"Middleland Capital","Middleland Capital",1928571.42857143
"Midven","Midven",1314442.23333333
"MIG AG","MIG AG",6927434.54545455
"Millennium Technology Value Partners","Millennium Technology Value Partners",26084376.125
"Miramar Venture Partners","Miramar Venture Partners",8771577.59259259
"Mission Ventures","Mission Ventures",6648535.36206897
"MissionOG","MissionOG",2200000
"MK Capital","MK Capital",5932758.62068965
"MMC Ventures","MMC Ventures",3337851.38461538
"Mobeus Equity Partners","Mobeus Equity Partners",13402970
"Mobility Ventures","Mobility Ventures",7820125
"Mohr Davidow Ventures","Mohr Davidow Ventures",9417666.73652695
"Morgenthaler Ventures","Morgenthaler Ventures",11403124.2962963
"MPM Capital","MPM Capital",24350288.2898551
"Munich Venture Partners","Munich Venture Partners",5650000
"MVM Life Science Partners","MVM Life Science Partners",17181042.0714286
"Nazca Capital","Nazca Capital",13717300
"NBGI Ventures","NBGI Ventures",20978105.3636364
"NCT Ventures","NCT Ventures",3750000
"Neo Technology Ventures","Neo Technology Ventures",4700000
"Neu Venture Capital","Neu Venture Capital",2304285.71428571
"New Atlantic Ventures","New Atlantic Ventures",4708546.32758621
"New Brunswick Innovation Foundation","New Brunswick Innovation Foundation",2130000
"New Enterprise Associates","New Enterprise Associates",10123182.0415842
"New Leaf Venture Partners","New Leaf Venture Partners",16205429.2560976
"New Markets Venture Partners","New Markets Venture Partners",6110000
"NewSchools Venture Fund","NewSchools Venture Fund",2700789.47368421
"NewSpring Capital","NewSpring Capital",9439238.04347826
"NextView Ventures","NextView Ventures",1688108.10810811
"Nexus Venture Partners","Nexus Venture Partners",6477182.6875
"Nokia Growth Partners","Nokia Growth Partners",11153626.6666667
"North Bridge Venture Partners","North Bridge Venture Partners",7987999.84293194
"North Hill Ventures","North Hill Ventures",11200000
"NorthEdge Capital","NorthEdge Capital",38638912
"Northgate Capital","Northgate Capital",19301435.0454545
"Northstar Ventures","Northstar Ventures",1052299.66666667
"Northzone","Northzone",9223652.11904762
"Norwest Venture Partners","Norwest Venture Partners",9840386.6347032
"Notion Capital","Notion Capital",6134316.71428571
"Novak Biddle Venture Partners","Novak Biddle Venture Partners",6484234.14705882
"NVM Private Equity","NVM Private Equity",6388152
"O'Reilly AlphaTech Ventures","O'Reilly AlphaTech Ventures",5693290.19607843
"Oak Investment Partners","Oak Investment Partners",22086155.6585366
"Oasis 500","Oasis 500",257250
"OCA Ventures","OCA Ventures",3018102.25
"Octopus","Octopus",3887491.11594203
"Okapi Venture Capital","Okapi Venture Capital",6041111.11111111
"OMERS Ventures","OMERS Ventures",19070027.7826087
"Omidyar Network","Omidyar Network",11773166.4150943
"ONSET Ventures","ONSET Ventures",11571303.3731343
"OpenView Venture Partners","OpenView Venture Partners",6829302
"Opus Capital","Opus Capital",7987757.37037037
"OrbiMed Advisors","OrbiMed Advisors",18170645.3645833
"Origin Ventures","Origin Ventures",3734736.84210526
"Osage University Partners","Osage University Partners",19889599.71875
"Osage Venture Partners","Osage Venture Partners",4634792.52631579
"OurCrowd","OurCrowd",1041052.63157895
"OVP Venture Partners","OVP Venture Partners",6610022.33333333
"Oxford Capital Partners","Oxford Capital Partners",3043134.1092437
"PALgenesis","PALgenesis",1061750
"Palomar Ventures","Palomar Ventures",6291956.52173913
"Pangaea Ventures","Pangaea Ventures",9089292.85714286
"Panorama Capital","Panorama Capital",10789447.5
"Parkwalk Advisors Ltd","Parkwalk Advisors Ltd",7929082
"Partech Ventures","Partech Ventures",8622337.54761905
"Passion Capital","Passion Capital",2581671.8
"Peppermint Venture Partners","Peppermint Venture Partners",2007040
"Pitango Venture Capital","Pitango Venture Capital",8530776.69902913
"PivotNorth Capital","PivotNorth Capital",4644166.66666667
"Playfair Capital","Playfair Capital",972613.166666667
"Plus Capital","Plus Capital",2850000
"Point Nine Capital","Point Nine Capital",3044136.06060606
"Polaris Partners","Polaris Partners",7048094.05479452
"Presidio Ventures","Presidio Ventures",14578591.6666667
"Primary Capital","Primary Capital",6975497
"Prism VentureWorks","Prism VentureWorks",11439796.25
"Priveq Investment","Priveq Investment",25010000
"Prolog Ventures","Prolog Ventures",8009897.22222222
"Promus Ventures","Promus Ventures",3611726.08695652
"QED Investors","QED Investors",9928337.5
"Qualcomm Ventures","Qualcomm Ventures",12587566.2840909
"Quest Venture Partners","Quest Venture Partners",1862841.73529412
"Quorum Group","Quorum Group",1825000
"Quotidian Ventures","Quotidian Ventures",731770.833333333
"Raptor Ventures","Raptor Ventures",7073333.33333333
"Real Ventures","Real Ventures",1315204.19230769
"Red Sea Venture Partners","Red Sea Venture Partners",650000
"Red Swan","Red Swan",6349377.64705882
"Redpoint Ventures","Redpoint Ventures",10699371.5591837
"Reed Elsevier Ventures","Reed Elsevier Ventures",7634730.43478261
"Relay Ventures","Relay Ventures",6114938.05479452
"Rembrandt Venture Partners","Rembrandt Venture Partners",5669186.44067797
"Resolute.vc","Resolute.vc",2254473.68421053
"Revolution Ventures","Revolution Ventures",18450000
"Rho Capital Partners","Rho Capital Partners",12811035.5698925
"Ribbit Capital","Ribbit Capital",19658512.8571429
"Rincon Venture Partners","Rincon Venture Partners",3133870.96774194
"Rivers Capital Partners","Rivers Capital Partners",315066.666666667
"Robert Bosch Venture Capital","Robert Bosch Venture Capital",11776550.3076923
"Rocket Internet","Rocket Internet",27744549.375
"RockPort Capital Partners","RockPort Capital Partners",16175000
"Rogers Ventures","Rogers Ventures",10528421.6666667
"Romulus Capital","Romulus Capital",3553750
"Rothenberg Ventures","Rothenberg Ventures",4508835.60869565
"Rough Draft Ventures","Rough Draft Ventures",1062875
"RRE Ventures","RRE Ventures",5777480.65957447
"RTP Ventures","RTP Ventures",21910343.9333333
"Rustic Canyon Partners","Rustic Canyon Partners",12620616.6666667
"Samsung Ventures","Samsung Ventures",13413542.7407407
"San Francisco Equity Partners","San Francisco Equity Partners",3832500
"SAP Ventures","SAP Ventures",15027765
"Scale Venture Partners","Scale Venture Partners",15907238.4375
"Science","Science",6328571.42857143
"Scottish Equity Partners","Scottish Equity Partners",12590791.7979798
"Scout Ventures","Scout Ventures",1922500
"Seaya Ventures","Seaya Ventures",5929125
"Seed Capital de Bizkaia","Seed Capital de Bizkaia",1202490
"SeedRocket","SeedRocket",1003540
"Sequoia Capital","Sequoia Capital",7400649.72079208
"Serra Ventures","Serra Ventures",832000
"Seven Spires Investment","Seven Spires Investment",4320000
"SeventySix Captial","SeventySix Captial",16585150
"Sevin Rosen Funds","Sevin Rosen Funds",7937088.60759494
"Shackleton Ventures","Shackleton Ventures",1410053
"Shasta Ventures","Shasta Ventures",6774764.34285714
"Siemens Venture Capital","Siemens Venture Capital",7860043.06451613
"Siemer Ventures","Siemer Ventures",1614488.48888889
"Sierra Maya Ventures","Sierra Maya Ventures",1137500
"Sierra Ventures","Sierra Ventures",6333594.05940594
"Sigma Partners","Sigma Partners",5618684.51
"Sigma Prime Ventures","Sigma Prime Ventures",5740000
"Sigma West","Sigma West",10837500
"Signia Venture Partners","Signia Venture Partners",3918294.03846154
"Silas Capital","Silas Capital",9250000
"Silicon Valley Bank","Silicon Valley Bank",11526125.0789474
"Silver Lake Partners","Silver Lake Partners",159277777.777778
"Sirius Venture Partners","Sirius Venture Partners",2026500
"SJF Ventures","SJF Ventures",10380555.5555556
"Slow Ventures","Slow Ventures",4106285.71428571
"Social Leverage","Social Leverage",2098500
"Social Starts","Social Starts",2391928.90322581
"Social Venture Fund","Social Venture Fund",2862500
"SocialStarts","SocialStarts",350000
"SODENA","SODENA",2437591.57142857
"Sofinnova Ventures","Sofinnova Ventures",20787126.3972603
"SoftBank Capital","SoftBank Capital",15176364.8015267
"SoftTech VC","SoftTech VC",2321776.792
"Solon Ventures","Solon Ventures",15816420.6666667
"Southern Cross Venture Partners","Southern Cross Venture Partners",11844000
"Spark Capital","Spark Capital",10997968.75
"Spark Ventures","Spark Ventures",6211153.95238095
"Spectrum Equity","Spectrum Equity",75519866.6666667
"Speedinvest","Speedinvest",1128479.5
"Split Rock Partners","Split Rock Partners",13864625
"Staley Capital Advisors","Staley Capital Advisors",9e+06
"Star Ventures","Star Ventures",11352708.3333333
"Starfish Ventures","Starfish Ventures",4354636.11111111
"Start Fund","Start Fund",1394431.81818182
"StarVest Partners","StarVest Partners",9777582.66666667
"Steamboat Ventures","Steamboat Ventures",13123529.372549
"Storm Ventures","Storm Ventures",6549696.42045455
"Strive Capital","Strive Capital",1800000
"Subtraction Capital","Subtraction Capital",2302308.09090909
"Summerhill Venture Partners","Summerhill Venture Partners",12204767.4827586
"Summit Partners","Summit Partners",36020749.125
"Sunstone Capital","Sunstone Capital",9481997.31707317
"Sutter Hill Ventures","Sutter Hill Ventures",12222504.587156
"SV Angel","SV Angel",3581119.92467532
"SV Life Sciences","SV Life Sciences",15583262.2278481
"Synergis Technologies","Synergis Technologies",3071153.33333333
"T-Venture","T-Venture",12425646.8965517
"T2 Venture Capital","T2 Venture Capital",4100000
"TA Associates","TA Associates",96798222.2222222
"Talde venture capital","Talde venture capital",6982666.66666667
"Target Partners","Target Partners",6150341.17647059
"Tate & Lyle Ventures","Tate & Lyle Ventures",8807361.75
"Technology Crossover Ventures","Technology Crossover Ventures",78232523.7878788
"TechnoStart","TechnoStart",16233315
"TechOperators","TechOperators",10605555.5555556
"Ted Meisel","Ted Meisel",2250000
"Tenaya Capital","Tenaya Capital",13555233.6557377
"TenOneTen Ventures","TenOneTen Ventures",4675000
"Terra Rossa Capital","Terra Rossa Capital",4500000
"The Entrepreneurs' Fund III","The Entrepreneurs' Fund III",6236363.63636364
"The North West Fund","The North West Fund",960955.309523809
"The Westly Group","The Westly Group",20726466.6666667
"Third Rock Ventures","Third Rock Ventures",21082245.7346939
"Thrive Capital","Thrive Capital",10834891.3043478
"Tiger Global Management","Tiger Global Management",43358860.4255319
"TLcom Capital Partners","TLcom Capital Partners",11827495.4545455
"TomorrowVentures","TomorrowVentures",11495833.3333333
"TowerBrook Capital Partners","TowerBrook Capital Partners",17925000
"Trailblazer Capital","Trailblazer Capital",2614285.71428571
"Transmedia Capital","Transmedia Capital",6171458.20833333
"Trestle Ventures","Trestle Ventures",1342500
"Triangle Peak Partners","Triangle Peak Partners",15336656.6666667
"Tribeca Venture Partners","Tribeca Venture Partners",7823611.11111111
"Trident Capital","Trident Capital",9994312.5
"Trinity Ventures","Trinity Ventures",6010315.97837838
"TriStar Technology Ventures","TriStar Technology Ventures",1164000
"True Ventures","True Ventures",2994197.28504673
"TTP Ventures","TTP Ventures",6823084.8
"TVM Capital","TVM Capital",17745229.4117647
"Union Square Ventures","Union Square Ventures",6360284.72
"Uniseed Pty","Uniseed Pty",7463299
"Updata Partners","Updata Partners",14248484.8484848
"Upfront Ventures","Upfront Ventures",8479175.73134328
"US Venture Partners","US Venture Partners",10344197.7816594
"Valar Ventures","Valar Ventures",18700000
"Valhalla Partners","Valhalla Partners",7084006.44117647
"Vanedge Capital","Vanedge Capital",3937389.7
"VantagePoint Capital Partners","VantagePoint Capital Partners",22971545.784
"Vast Ventures","Vast Ventures",2596666.66666667
"VegasTechFund","VegasTechFund",1703800
"Venrock","Venrock",8830552.2893617
"Ventech","Ventech",10220495.1147541
"Ventures West","Ventures West",13636726.2222222
"Verizon Ventures","Verizon Ventures",7348412.11764706
"Versant Ventures","Versant Ventures",15595105.5505618
"Version One Ventures","Version One Ventures",2922408.33333333
"Vertex Venture Capital","Vertex Venture Capital",9073500
"Vicente Capital Partners","Vicente Capital Partners",6833333.33333333
"Village Ventures","Village Ventures",4730833.33333333
"Virgin Green Fund","Virgin Green Fund",20300000
"Vista Equity Partners","Vista Equity Partners",2.5e+08
"Volition Capital","Volition Capital",12212500
"Voyager Capital","Voyager Capital",5711250
"Vulcan Capital","Vulcan Capital",19458510.6382979
"Walden Venture Capital","Walden Venture Capital",9609354.46428571
"Wasabi Ventures","Wasabi Ventures",607500
"Webb Investment Network","Webb Investment Network",5346140
"Wellington Financial","Wellington Financial",4421428.57142857
"Wellington Partners","Wellington Partners",15007206.2125
"Western Technology Investment","Western Technology Investment",6745419.73913043
"White Star Capital","White Star Capital",2513846.15384615
"Wing VC","Wing VC",2e+07
"XPV Capital","XPV Capital",8100000
"Yaletown Venture Partners","Yaletown Venture Partners",4965550.77777778
"YJ Capital","YJ Capital",5400000
"Ysios Capital","Ysios Capital",22926212.5
"Yuuwa Capital","Yuuwa Capital",2344471.53846154
"Zouk Capital","Zouk Capital",55570200
