Name,AL Name,AL ID,AL Link1Oak Financial Group,1OAK Financial Group,70795,https://angel.co/1oak-financial-group3i Group,3i Group,124528,https://angel.co/3i-groupAbingworth,Abingworth,193065,https://angel.co/abingworthAccel Partners,Accel Partners,37930,https://angel.co/accel-partnersAccelerator Ventures,Accelerator Ventures,80916,https://angel.co/accelerator-venturesACE & Company,ACE & Company,121074,https://angel.co/ace-companyACT Venture Capital,act venture capital,269837,https://angel.co/act-venture-capitalActis,Actis,116668,https://angel.co/actisActive Venture Partners,ACTIVE VENTURE PARTNERS,206746,https://angel.co/active-venture-partners-1Adams Street Partners,Adams Street Partners,325823,https://angel.co/adams-street-partners,,,,,,,,,Advanced Technology Ventures,Advanced Technology Ventures,59322,https://angel.co/advanced-technology-venturesAdvantage Capital Partners,Advantage Capital Partners,342418,https://angel.co/advantage-capital-partners,,,,,,Adventure Capital,Adventure Capital,44829,https://angel.co/adventure-capital,,,,,,,,,,,,Aleph,AlephCloud,123867,https://angel.co/alephcloud,,,,,,Alpha Venture Partners,Alpha Venture Partners,306222,https://angel.co/alpha-venture-partners,,,Alsop Louie Partners,Alsop Louie Partners,83097,https://angel.co/alsop-louie-partners,,,,,,Alven Capital,Alven Capital Partners,325962,https://angel.co/alven-capital-partnersAmadeus Capital Partners,Amadeus Capital Partners Ltd.,52533,https://angel.co/amadeus-capital-partners-ltdAmbition.VC,Ambition.vc,279099,https://angel.co/ambition-vcAME Cloud Ventures,AME Cloud Ventures,268677,https://angel.co/ame-cloud-ventures,,,Amicus Capital,Amicus Capital,39403,https://angel.co/amicus-capital,,,Amplify Partners,Amplify Partners,238465,https://angel.co/amplify-partnersAndreessen Horowitz,Andreessen Horowitz,37820,https://angel.co/andreessen-horowitz,,,,,,Anthos Capital,anthos capital,232497,https://angel.co/anthos-capitalAnu Connect Ventures,ANU Connect Ventures,209752,https://angel.co/anu-connect-venturesAOL Ventures,AOL Ventures,81146,https://angel.co/aol-venturesApax Partners,Apax Partners,190013,https://angel.co/apax-partners,,,,,,appWorks Ventures,appWorks Ventures,25349,https://angel.co/appworks-ventures,,,,,,,,,,,,ARCH Venture Partners,ARCH Venture Partners,215805,https://angel.co/arch-venture-partnersAriadne Capital,Ariadne Capital,40079,https://angel.co/ariadne-capitalArsenal Venture Partners,Arsenal Venture Partners,142954,https://angel.co/arsenal-venture-partnersArtiman Ventures,Artiman Ventures,61434,https://angel.co/artiman-venturesARTIS Ventures,ARTIS VENTURES,169320,https://angel.co/artisventuresArts Alliance Ventures,Arts Alliance Ventures,65200,https://angel.co/arts-alliance-ventures,,,Asset Management Ventures,Asset Management Ventures,89121,https://angel.co/asset-management-venturesATA Ventures,ATA Ventures,38265,https://angel.co/ata-venturesAtlantic Bridge,Atlantic Bridge,206181,https://angel.co/atlantic-bridge,,,Atlas Venture,Atlas Venture,38033,https://angel.co/atlas-ventureAtomico,Atomico,42561,https://angel.co/atomico,,,,,,August Capital,August Capital,38497,https://angel.co/august-capital,,,Austin Ventures,Austin Ventures,68611,https://angel.co/austin-ventures,,,Avalon Ventures,Avalon Ventures,39527,https://angel.co/avalon-ventures,,,,,,,,,,,,,,,Azure Capital Partners,Azure Capital Partners,45267,https://angel.co/azure-capital-partners,,,,,,Bain Capital Ventures,Bain Capital Ventures,40114,https://angel.co/bain-capital-venturesBalderton Capital,Balderton Capital,38455,https://angel.co/balderton-capitalBand of Angels,Band of Angels,39931,https://angel.co/band-of-angelsBaroda Ventures,Baroda Ventures,131834,https://angel.co/baroda-venturesBaseline Ventures,Baseline Ventures,34739,https://angel.co/baseline-venturesBattery Ventures,Battery Ventures,38389,https://angel.co/battery-ventures,,,,,,,,,BDC Venture Capital,BDC Venture Capital,140732,https://angel.co/bdc-venture-capitalBee Partners,Bee Partners,185247,https://angel.co/bee-partnersBenchmark,Benchmark Capital,38672,https://angel.co/benchmark-capitalBessemer Venture Partners,Bessemer Venture Partners,38772,https://angel.co/bessemer-venture-partnersBEST Funds,BEST Funds - Venture Capital & Private Equity,58267,https://angel.co/best-funds-venture-capital-private-equity,,,betaworks,Betaworks,32061,https://angel.co/betaworks,,,Birchmere Ventures,Birchmere Ventures,270635,https://angel.co/birchmere-ventures,,,Bloomberg Beta,Bloomberg Beta,217456,https://angel.co/bloomberg-betaBlueRun Ventures,BlueRun Ventures,39517,https://angel.co/bluerun-venturesBlumberg Capital,Blumberg Capital,72874,https://angel.co/blumberg-capitalBlume Ventures,Blume Ventures,65584,https://angel.co/blume-venturesBOLDstart Ventures,boldstart ventures,104708,https://angel.co/boldstart-venturesBowery Capital,Bowery Capital,204222,https://angel.co/bowery-capitalBoxGroup,BoxGroup,146154,https://angel.co/boxgroupBPE,BPE Fund Investor GmbH,169518,https://angel.co/bpe-fund-investor-gmbhBrandon Capital Partners,Brandon Capital Partners,213805,https://angel.co/brandon-capital-partnersBrightspark Ventures,Brightspark,85424,https://angel.co/brightsparkBrooklyn Bridge Ventures,Brooklyn Bridge Ventures,63972,https://angel.co/brooklyn-bridge-ventures,,,Bullpen Capital,Bullpen Capital,1981,https://angel.co/bullpen-capitalBurch Creative Capital,Burch Creative Capital,236160,https://angel.co/burch-creative-capital,,,California Technology Ventures,California Technology Ventures,216120,https://angel.co/california-technology-venturesCanaan Partners,Canaan Partners,39093,https://angel.co/canaan-partnersCanyon Creek Capital,Canyon Creek Capital,144651,https://angel.co/canyon-creek-capital,,,Capnamic Ventures,Capnamic Ventures,253715,https://angel.co/capnamic-venturesCapricorn Investment Group,Capricorn Investment Group,258371,https://angel.co/capricorn-investment-groupCarmel Ventures,Carmel Ventures,45223,https://angel.co/carmel-ventures,,,,,,,,,,,,,,,,,,Charles River Ventures,Charles River Ventures,37819,https://angel.co/charles-river-venturesChart Venture Partners,Chart Venture Partners,262770,https://angel.co/chart-venture-partners,,,,,,Cipio Partners,Cipio Partners,216220,https://angel.co/cipio-partnersCisco,Cisco,33498,https://angel.co/cisco,,,Clave Mayor,Clave Mayor,72334,https://angel.co/clave-mayorClean Energy Venture Group,Clean Energy Venture Development Group,261420,https://angel.co/clean-energy-venture-development-group,,,,,,,,,,,,,,,Collaborative Fund,Collaborative Fund,69753,https://angel.co/collaborative-fundColumbia Capital,Columbia Capital,39493,https://angel.co/columbia-capital,,,Comcast Ventures,Comcast Ventures,37897,https://angel.co/comcast-ventures,,,,,,Connect Ventures,Connect Ventures,63234,https://angel.co/connect-venturesConnecticut Innovations,Connecticut Innovations,163310,https://angel.co/connecticut-innovations,,,,,,Correlation Ventures,Correlation Ventures,39833,https://angel.co/correlation-ventures,,,,,,,,,Cowboy Ventures,Cowboy Ventures,140439,https://angel.co/cowboy-venturesCoyote Ridge Ventures,Coyote Ridge Ventures,161385,https://angel.co/coyote-ridge-venturesCreandum,Creandum,113099,https://angel.co/creandumCreathor Venture Management,Creathor Venture Management,230308,https://angel.co/creathor-venture-management,,,Credo Ventures,Credo Ventures,35092,https://angel.co/credo-ventures,,,Crosscut Ventures,Crosscut Ventures,88111,https://angel.co/crosscut-venturesCrosslink Capital,Crosslink Capital,37925,https://angel.co/crosslink-capital,,,,,,,,,CrunchFund,CrunchFund,57782,https://angel.co/crunchfund,,,Cue Ball,Cue Ball Capital,38603,https://angel.co/cue-ball-capital,,,CVC Capital Partners,CVC Capital Partners,284653,https://angel.co/cvc-capital-partners,,,,,,,,,,,,,,,DAG Ventures,DAG Ventures,80741,https://angel.co/dag-ventures,,,Data Collective,Data Collective,79613,https://angel.co/data-collectiveData Point Capital,Data Point Capital,143445,https://angel.co/data-point-capital,,,DBL Investors,DBL Investors (Venture Capital),296450,https://angel.co/dbl-investors-venture-capitalDCM,DCM,40627,https://angel.co/dcm,,,,,,Designer Fund,Designer Fund,52872,https://angel.co/designer-fundDeutsche Telekom,Deutsche Telekom,54527,https://angel.co/deutsche-telekomDFJ Esprit,DFJ Esprit,52889,https://angel.co/dfj-espritDFJ Frontier,DFJ Frontier,205593,https://angel.co/dfj-frontierDFJ Gotham Ventures,DFJ Gotham Ventures,48796,https://angel.co/dfj-gotham-venturesDFJ Growth,DFJ Growth,143698,https://angel.co/dfj-growthDGF Investimentos,DGF Investimentos,117543,https://angel.co/dgf-investimentos,,,,,,DN Capital,DN Capital,90016,https://angel.co/dn-capital,,,Double M Partners,Double M Partners,135629,https://angel.co/double-m-partnersDoubleRock,DoubleRock,203141,https://angel.co/doublerock-1,,,,,,Draper Fisher Jurvetson (DFJ),DFJ,37932,https://angel.co/dfj,,,Dumont Venture,DuMont Venture,72789,https://angel.co/dumont-venture,,,e.Bricks Digital,e.Bricks Digital,249239,https://angel.co/e-bricks-digitale.ventures,e.ventures,37928,https://angel.co/e-venturesEarlybird Venture Capital,Earlybird Venture Capital,56544,https://angel.co/earlybird-venture-capital,,,Easton Capital,Easton Capital,87985,https://angel.co/easton-capitalEC1 Capital Ltd,EC1 Capital Ltd,68957,https://angel.co/ec1-capital-ltd,,,,,,,,,,,,,,,Ecosystem Ventures,Ecosystem Ventures,41946,https://angel.co/ecosystem-venturesEden Ventures,Eden Ventures,44986,https://angel.co/eden-venturesEdison Ventures,Edison Ventures,216514,https://angel.co/edison-venturesEl Dorado Ventures,El Dorado Ventures,38969,https://angel.co/el-dorado-ventures,,,Elevate Ventures,Elevate Ventures,90213,https://angel.co/elevate-ventures,,,Emergence Capital Partners,Emergence Capital Partners,60193,https://angel.co/emergence-capital-partnersEnerTech Capital,Enertech Capital,51733,https://angel.co/enertech-capitalENIAC Ventures,Eniac Ventures,38157,https://angel.co/eniac-ventures,,,,,,Enterprise Ireland,Enterprise Ireland,52888,https://angel.co/enterprise-ireland,,,Epic Ventures,EPIC Ventures,43712,https://angel.co/epic-ventures,,,,,,,,,,,,Evergreen Venture Partners,Evergreen Venture Partners,205001,https://angel.co/evergreen-venture-partners,,,,,,,,,Expansion Capital,Expansion Capital Partners,67875,https://angel.co/expansion-capital-partners,,,,,,Felicis Ventures,Felicis Ventures,38903,https://angel.co/felicis-venturesFenox Venture Capital,Fenox Venture Capital,160409,https://angel.co/fenox-venture-capital-1ff Venture Capital,ff Venture Capital,53627,https://angel.co/ffvcFidelity Growth Partners Europe,Fidelity Growth Partners Europe,232778,https://angel.co/fidelity-growth-partners-europeFidelity Ventures,Fidelity Ventures,161642,https://angel.co/fidelity-ventures,,,,,,,,,First Round Capital,First Round Capital,40614,https://angel.co/first-round-capitalFirstMark Capital,FirstMark Capital,48582,https://angel.co/firstmark-capitalFlagship Ventures,Flagship Ventures,58075,https://angel.co/flagship-venturesFLOODGATE,Floodgate,48804,https://angel.co/floodgateFloodgate Fund,Floodgate,48804,https://angel.co/floodgateFlybridge Capital Partners,Flybridge Capital Partners,41046,https://angel.co/flybridge-capital-partnersFocus Ventures,Focus Ventures,39492,https://angel.co/focus-ventures,,,,,,Forerunner Ventures,Forerunner Ventures,80424,https://angel.co/forerunner-ventures,,,Formation 8,Formation | 8,179221,https://angel.co/formation-8Formula VC,Formula VC,141501,https://angel.co/formula-vcFoundation Capital,Foundation Capital,38091,https://angel.co/foundation-capitalFounder Collective,Founder Collective,38478,https://angel.co/founder-collective,,,Founders Fund,Founders Fund,218511,https://angel.co/founders-fundFoundry Group,Foundry Group,39489,https://angel.co/foundry-group,,,,,,,,,,,,,,,,,,Freeman Spogli & Co.,Freeman Spogli & Co.,352650,https://angel.co/freeman-spogli-coFreestyle Capital,Freestyle Capital,36583,https://angel.co/freestyle-capital,,,Fuel Capital,Fuel Capital,306774,https://angel.co/fuel-capital,,,FundersClub,FundersClub,108312,https://angel.co/fundersclubFung Capital USA,Fung Capital USA,216729,https://angel.co/fung-capital-usaFuture Capital,Future Capital,51058,https://angel.co/future-capital,,,,,,General Atlantic,General Atlantic,51176,https://angel.co/general-atlanticGeneral Catalyst Partners,General Catalyst Partners,38757,https://angel.co/general-catalyst-partners,,,,,,,,,,,,,,,,,,German Media Pool,GMPVC German Media Pool,281487,https://angel.co/gmpvc-german-media-poolGerman Ventures,German Ventures GmbH,225936,https://angel.co/german-ventures-gmbhGGV Capital,GGV Capital,212538,https://angel.co/ggv-capitalGimv,GIMV,244461,https://angel.co/gimvGlobal Founders Capital,Global Founders Capital,244349,https://angel.co/global-founders-capital,,,Globespan Capital Partners,Globespan Capital Partners,216793,https://angel.co/globespanGlynn Capital Management,Glynn Capital Management,71567,https://angel.co/glynn-capital-managementGolden Gate Ventures,Golden Gate Ventures,93251,https://angel.co/golden-gate-venturesGolden Venture Partners,Golden Venture Partners,101852,https://angel.co/golden-venture-partnersGoldman Sachs,Goldman Sachs,37794,https://angel.co/goldman-sachs,,,Google Ventures,Google Ventures,37940,https://angel.co/google-venturesGramercy Fund,The Gramercy Fund,343098,https://angel.co/the-gramercy-fundGrandBanks Capital,GrandBanks Capital,60741,https://angel.co/grandbanks-capitalGranite Ventures,Granite Ventures,43077,https://angel.co/granite-venturesGreat Oaks Venture Capital,Great Oaks Venture Capital,44891,https://angel.co/great-oaks-venture-capitalGreenSoil Investments,GreenSoil Investments,216830,https://angel.co/greensoil-investments,,,Greycroft Partners,Greycroft Partners,41691,https://angel.co/greycroft-partnersGreylock Partners,Greylock Partners,37941,https://angel.co/greylock-partners,,,GSV Capital,GSV Capital,187372,https://angel.co/gsv-capital,,,,,,,,,,,,,,,,,,HFPX,HFPX,126154,https://angel.co/hfpxHgCapital,hgcapital,154497,https://angel.co/hgcapitalHigh Line Venture Partners,High Line Venture Partners,39515,https://angel.co/high-line-venture-partnersHigh Peaks Venture Partners,High Peaks Venture Partners,42367,https://angel.co/high-peaks-venture-partnersHigh Tech Gruenderfonds,High-Tech Gruenderfonds,293472,https://angel.co/high-tech-gruenderfonds,,,Highland Capital Partners,Highland Capital Partners,38156,https://angel.co/highland-capital-partnersHighway 12 Ventures,Highway 12 Ventures,49943,https://angel.co/highway-12-ventures,,,,,,,,,,,,,,,Hummer Winblad Venture Partners,Hummer Winblad,83099,https://angel.co/hummer-winblad,,,Hyde Park Venture Partners,Hyde Park Venture Partners,197829,https://angel.co/hyde-park-venture-partnersIA Ventures,IA Ventures,36581,https://angel.co/ia-venturesIdealab,Idealab,29121,https://angel.co/idealabIDG Ventures,IDG Ventures,62792,https://angel.co/idg-ventures-1,,,IDInvest Partners,IDInvest Partners,45728,https://angel.co/idinvest-partners,,,Ignition Partners,Ignition Partners,39149,https://angel.co/ignition-partnersIlluminate Ventures,Illuminate Ventures,75493,https://angel.co/illuminate-venturesImlay Investments,Imlay Investments,44897,https://angel.co/imlay-investmentsImperious Group,Imperious Group,223691,https://angel.co/imperious-groupIn-Q-Tel,In-Q-Tel,38829,https://angel.co/in-q-telIndex Ventures,Index Ventures,39531,https://angel.co/index-venturesIndia Quotient,india quotient,125647,https://angel.co/india-quotient,,,,,,,,,,,,,,,,,,Innovacorp,Innovacorp,162327,https://angel.co/innovacorp,,,,,,iNovia Capital,iNovia Capital,43532,https://angel.co/inovia-capital,,,Insight Venture Partners,Insight Venture Partners,43387,https://angel.co/insight-venture-partnersInstitutional Venture Partners,Institutional Venture Partners,46542,https://angel.co/institutional-venture-partners,,,Intel Capital,Intel Capital,39830,https://angel.co/intel-capital,,,,,,InterWest Partners,InterWest Partners,45351,https://angel.co/interwest-partners,,,,,,Inventure,InVenture,24322,https://angel.co/inventure,,,,,,Investor Growth Capital,Investor Growth Capital,120547,https://angel.co/investor-growth-capitalIP Group Plc,IP Group PLC,230027,https://angel.co/ip-group-plcIQ Capital Partners,IQ Capital Partners,68568,https://angel.co/iq-capital-partnersJafco Ventures,JAFCO Ventures,242814,https://angel.co/jafco-venturesJavelin Venture Partners,Javelin Venture Partners,38508,https://angel.co/javelin-venture-partners,,,,,,JMI Equity,JMI Equity,163195,https://angel.co/jmi-equity,,,Juniper Networks,Juniper Networks,37574,https://angel.co/juniper-networksK9 Ventures,K9 Ventures,39302,https://angel.co/k9-venturesKapor Capital,Kapor Capital,38494,https://angel.co/kapor-capitalKarlin Ventures,Karlin Ventures,117793,https://angel.co/karlin-venturesKaszeK Ventures,Kaszek Ventures,89317,https://angel.co/kaszek-ventureskbs+ Ventures,kbs+ Ventures,47863,https://angel.co/kbs-ventures-1,,,Kepha Partners,Kepha Partners,68352,https://angel.co/kepha-partners,,,Khosla Ventures,Khosla Ventures,39529,https://angel.co/khosla-ventures,,,Kima Ventures,Kima Ventures,177108,https://angel.co/kima-venturesKizoo Technology Ventures,KIZOO Technology Ventures,217181,https://angel.co/kizoo-technology-venturesKlass Capital,Klass Capital,164343,https://angel.co/klass-capitalKleiner Perkins Caufield & Byers,Kleiner Perkins Caufield Byers,38799,https://angel.co/kleiner-perkins-caufield-byers,,,Kodiak Venture Partners,Kodiak Venture Partners,113042,https://angel.co/kodiak-venture-partners,,,,,,,,,Lakestar,Lakestar,150252,https://angel.co/lakestarLaunchCapital,LaunchCapital,40057,https://angel.co/launchcapitalLean Fund,Bullpen Capital,1981,https://angel.co/bullpen-capitalLearn Capital,Learn Capital,53614,https://angel.co/learn-capital,,,Lerer Ventures,Lerer Ventures,40265,https://angel.co/lerer-venturesLightbank,Lightbank,41357,https://angel.co/lightbankLightspeed Venture Partners,Lightspeed Venture Partners,41742,https://angel.co/lightspeed-venture-partnersLinseed Capital,Linseed Capital,170559,https://angel.co/linseed-capital,,,,,,Longworth Venture Partners,Longworth Venture Partners,38035,https://angel.co/longworth-venture-partnersLowercase Capital,Lowercase Capital,39487,https://angel.co/lowercase-capitalLudlow Ventures,Ludlow Ventures,38796,https://angel.co/ludlow-ventures,,,Lux Capital,Lux Capital,53468,https://angel.co/lux-capital,,,Madrona Venture Group,Madrona Venture Group,39490,https://angel.co/madrona-venture-group,,,,,,,,,,,,Master Minds Capital,Master Minds Capital,181615,https://angel.co/master-minds-capitalMatrix Partners,Matrix Partners,39528,https://angel.co/matrix-partners,,,Maveron,Maveron,38092,https://angel.co/maveronMayfield Fund,Mayfield Fund,37334,https://angel.co/mayfield-fund,,,Menlo Ventures,Menlo Ventures,42375,https://angel.co/menlo-venturesMercury Fund,Mercury Fund,58274,https://angel.co/mercury-fund,,,,,,MESA+,MESA+,131651,https://angel.co/mesa-1Metamorphic Ventures,Metamorphic Ventures,43482,https://angel.co/metamorphic-ventures,,,MHS Capital,MHS Capital,34468,https://angel.co/mhs-capitalMiddleland Capital,Middleland Capital,138938,https://angel.co/middleland-capitalMidven,Midven,165795,https://angel.co/midven,,,Millennium Technology Value Partners,Millennium Technology Value Partners,153534,https://angel.co/millennium-technology-value-partnersMiramar Venture Partners,Miramar Venture Partners,95952,https://angel.co/miramar-venture-partners,,,MissionOG,MissionOG,169390,https://angel.co/missionogMK Capital,MK Capital,63814,https://angel.co/mk-capitalMMC Ventures,MMC Ventures,253840,https://angel.co/mmc-ventures,,,,,,Mohr Davidow Ventures,Mohr Davidow Ventures,38687,https://angel.co/mohr-davidow-ventures,,,,,,Morgenthaler Ventures,Morgenthaler Ventures,37931,https://angel.co/morgenthaler-ventures,,,,,,,,,,,,,,,,,,,,,Nazca Capital,Nazca Ventures,85434,https://angel.co/nazca-venturesNBGI Ventures,NBGI Ventures,254487,https://angel.co/nbgi-venturesNCT Ventures,NCT Ventures,355323,https://angel.co/nct-ventures,,,Neu Venture Capital,Neu Venture Capital,79492,https://angel.co/neu-venture-capitalNew Atlantic Ventures,New Atlantic Ventures,80822,https://angel.co/new-atlantic-venturesNew Brunswick Innovation Foundation,New Brunswick Innovation Foundation,122443,https://angel.co/new-brunswick-innovation-foundationNew Enterprise Associates,New Enterprise Associates,44895,https://angel.co/new-enterprise-associatesNew Leaf Venture Partners,New Leaf Venture Partners,291507,https://angel.co/new-leaf-venture-partners,,,New World Ventures,New World Ventures,53256,https://angel.co/new-world-venturesNewSchools Venture Fund,NewSchools Venture Fund,137612,https://angel.co/newschools-venture-fund,,,,,,Next Wave Partners,Next Wave Partners,114534,https://angel.co/next-wave-partnersNextView Ventures,NextView Ventures,54406,https://angel.co/nextview-ventures,,,Nokia Growth Partners,Nokia Growth Partners,103822,https://angel.co/nokia-growth-partnersNorth Bridge Venture Partners,North Bridge Venture Partners,38816,https://angel.co/north-bridge-venture-partnersNorth Hill Ventures,North Hill Ventures,147629,https://angel.co/north-hill-ventures,,,Northgate Capital,Northgate Capital,50186,https://angel.co/northgate-capitalNorthstar Ventures,Northstar Ventures,221715,https://angel.co/northstar-venturesNorthzone,Northzone,205801,https://angel.co/northzoneNorwest Venture Partners,Norwest Venture Partners,37920,https://angel.co/norwest-venture-partnersNotion Capital,Notion Capital,236243,https://angel.co/notion-capital,,,Novak Biddle Venture Partners,Novak Biddle Venture Partners,38817,https://angel.co/novak-biddle-venture-partners,,,O'Reilly AlphaTech Ventures,O'Reilly AlphaTech Ventures,172694,https://angel.co/o-reilly-alphatech-venturesOak Investment Partners,Oak Investment Partners,211665,https://angel.co/oak-investment-partners,,,Oasis 500,Oasis 500,313949,https://angel.co/oasis-500OCA Ventures,OCA Ventures,38474,https://angel.co/oca-ventures,,,Okapi Venture Capital,Okapi Venture Capital,68343,https://angel.co/okapi-venture-capitalOMERS Ventures,OMERS Ventures,217734,https://angel.co/omers-venturesOmidyar Network,Omidyar Network,44271,https://angel.co/omidyar-networkONSET Ventures,Onset Ventures,339627,https://angel.co/onset-venturesOpenView Venture Partners,OpenView Venture Partners,29739,https://angel.co/openview-venture-partnersOpus Capital,Opus Capital,45306,https://angel.co/opus-capital,,,Origin Ventures,Origin Ventures,274550,https://angel.co/origin-venturesOsage University Partners,Osage University Partners,130111,https://angel.co/osage-university-partners,,,OurCrowd,OurCrowd,157291,https://angel.co/ourcrowd,,,Oxford Capital Partners,Oxford Capital Partners,45202,https://angel.co/oxford-capital-partnersPacific Equity Partners,Pacific Equity Partners,172423,https://angel.co/pacific-equity-partners,,,,,,,,,,,,Palomar Ventures,Palomar Ventures,205197,https://angel.co/palomar-ventures,,,Panorama Capital,Panorama Capital,40680,https://angel.co/panorama-capital,,,Partech Ventures,Partech International,44826,https://angel.co/partech-international,,,Passion Capital,Passion Capital,63088,https://angel.co/passion-capital,,,,,,,,,PivotNorth Capital,Pivotnorth Capital,36582,https://angel.co/pivotnorth-capitalPlayfair Capital,Playfair Capital,279605,https://angel.co/playfair-capitalPlus Capital,Plus Capital,268943,https://angel.co/plus-capitalPodium Ventures,Podium Ventures,100251,https://angel.co/podium-venturesPoint Nine Capital,Point Nine Capital,45968,https://angel.co/point-nine-capitalPolaris Partners,Polaris Partners,55298,https://angel.co/polaris-partners-1,,,,,,Presidio Ventures,Presidio Ventures LLC,172420,https://angel.co/presidio-ventures-llc,,,,,,,,,Profounders Capital,PROfounders Capital,79340,https://angel.co/profounders-capitalProlog Ventures,Prolog Ventures,85821,https://angel.co/prolog-venturesPromus Ventures,Promus Ventures,112652,https://angel.co/promus-venturesQED Investors,QED Investors,209232,https://angel.co/qed-investorsQualcomm Ventures,Qualcomm Ventures,214699,https://angel.co/qualcomm-ventures,,,Quest Venture Partners,Quest Venture Partners,40810,https://angel.co/quest-venture-partners,,,Quotidian Ventures,Quotidian Ventures,117927,https://angel.co/qventuresRaptor Ventures,Raptor Ventures,102596,https://angel.co/raptor-ventures,,,Real Ventures,Real Ventures,41137,https://angel.co/real-venturesRed Sea Venture Partners,Red Sea Ventures,210260,https://angel.co/red-sea-venturesRed Swan,Red Swan,232389,https://angel.co/red-swanRedpoint Ventures,Redpoint Ventures,38837,https://angel.co/redpoint-ventures,,,Reinventure,Reinventure Group Pty Ltd,301682,https://angel.co/reinventure-group-pty-ltdRelay Ventures,Relay Ventures,78043,https://angel.co/relay-venturesRembrandt Venture Partners,Rembrandt Venture Partners,83794,https://angel.co/rembrandt-venture-partners,,,Resolute.vc,Resolute.vc,81966,https://angel.co/resolute-vcRevolution Ventures,Revolution Ventures,239247,https://angel.co/revolution-ventures,,,Rho Capital Partners,Rho Capital Partners,203850,https://angel.co/rho-capital-partnersRibbit Capital,Ribbit Capital,106399,https://angel.co/ribbit-capitalRincon Venture Partners,Rincon Venture Partners,38707,https://angel.co/rincon-venture-partnersRisk Capital Partners,Risk Capital Partners,181665,https://angel.co/risk-capital-partners,,,,,,Rocket Internet,Rocket Internet,46737,https://angel.co/rocket-internetRockPort Capital Partners,RockPort Capital Partners,320039,https://angel.co/rockport-capital-partners,,,Romulus Capital,Romulus Capital,45755,https://angel.co/romulus-capital,,,,,,Rothenberg Ventures,Rothenberg Ventures,135632,https://angel.co/rothenberg-venturesRough Draft Ventures,Rough Draft Ventures,160438,https://angel.co/rough-draft-ventures-1,,,RRE Ventures,RRE Ventures,51576,https://angel.co/rre-venturesRTP Ventures,RTP Ventures,53905,https://angel.co/rtp-venturesRussian Ventures,Russian Ventures,207767,https://angel.co/russian-venturesRustic Canyon Partners,Rustic Canyon Partners,37858,https://angel.co/rustic-canyon-partnersSamsung Ventures,Samsung Ventures,37791,https://angel.co/samsung-ventures,,,SAP Ventures,SAP startup.focus.,284538,https://angel.co/sap-startup-focusScale Venture Partners,Scale Venture Partners,41139,https://angel.co/scale-venture-partners,,,,,,Scout Ventures,Scout Ventures,57127,https://angel.co/scout-ventures,,,,,,SeedRocket,SeedRocket,62700,https://angel.co/seedrocket,,,Sequoia Capital,Sequoia Capital,37926,https://angel.co/sequoia-capitalSerra Ventures,Serra Ventures,329159,https://angel.co/serra-ventures,,,,,,,,,,,,Shasta Ventures,Shasta Ventures,37988,https://angel.co/shasta-ventures,,,Siemens Venture Capital,Siemens Venture Capital,110094,https://angel.co/siemens-venture-capitalSiemer Ventures,Siemer Ventures,56200,https://angel.co/siemer-venturesSierra Maya Ventures,Sierra Maya Ventures,188282,https://angel.co/sierra-maya-ventures,,,Sigma Partners,Sigma Partners,39532,https://angel.co/sigma-partnersSigma Prime Ventures,Sigma Prime Ventures,139265,https://angel.co/sigma-prime-venturesSigma West,Sigma West,183093,https://angel.co/sigma-westSignia Venture Partners,Signia Venture Partners,119001,https://angel.co/signia-venture-partnersSilas Capital,Silas Capital,57372,https://angel.co/silas-capitalSilicon Valley Bank,Silicon Valley Bank,53137,https://angel.co/silicon-valley-bankSilver Lake Partners,Silver Lake Partners,112099,https://angel.co/silver-lake-partners,,,SJF Ventures,Sjf Ventures,35542,https://angel.co/sjf-ventures,,,,,,Social + Capital Partnership,The Social+Capital Partnership,56776,https://angel.co/the-social-capital-partnershipSocial Leverage,Social Leverage,34173,https://angel.co/social-leverageSocial Starts,Social Starts,307657,https://angel.co/social-starts-1Social Venture Fund,Social Venture Fund,323029,https://angel.co/social-venture-fund,,,,,,,,,SODENA,SODENA,187783,https://angel.co/sodena,,,SoftBank Capital,SoftBank Capital,79702,https://angel.co/softbank-capitalSoftTech VC,SoftTech VC,38869,https://angel.co/softtech-vc,,,Southern Cross Venture Partners,Southern Cross Venture Partners,71172,https://angel.co/southern-cross-venture-partners,,,Spark Capital,Spark Capital,39001,https://angel.co/spark-capital,,,Spectrum Equity,Spectrum Equity,137242,https://angel.co/spectrum-equitySpeedinvest,Speedinvest,57280,https://angel.co/speedinvest,,,,,,,,,,,,Starfish Ventures,Starfish Ventures,68565,https://angel.co/starfish-ventures,,,Start Fund,Start Fund,39234,https://angel.co/start-fund,,,StarVest Partners,StarVest Partners,303489,https://angel.co/starvest-partnersSteamboat Ventures,Steamboat Ventures,40625,https://angel.co/steamboat-ventures,,,Storm Ventures,Storm Ventures,56922,https://angel.co/storm-venturesStreamlined Ventures,Streamlined Ventures,204473,https://angel.co/streamlined-venturesStrive Capital,Strive Capital,173286,https://angel.co/strive-capital,,,Subtraction Capital,Subtraction Capital,195973,https://angel.co/subtraction-capitalSummerhill Venture Partners,SummerHill Venture Partners,40419,https://angel.co/summerhill-venture-partnersSummit Partners,Summit Partners,43318,https://angel.co/summit-partnersSunstone Capital,Sunstone Capital,172328,https://angel.co/sunstone-capitalSutter Hill Ventures,Sutter Hill Ventures,134956,https://angel.co/sutter-hill-venturesSV Angel,SV Angel,43056,https://angel.co/sv-angel,,,,,,Synergis Technologies,Synergistic Technologies,102142,https://angel.co/synergistic-technologies,,,,,,T2 Venture Capital,T2 Venture Capital,245953,https://angel.co/t2-venture-capital,,,,,,,,,Target Partners,target partners,196298,https://angel.co/target-partners,,,,,,,,,Technology Crossover Ventures,Technology Crossover Ventures,52995,https://angel.co/technology-crossover-ventures,,,,,,,,,,,,,,,Tenaya Capital,Tenaya Capital,89479,https://angel.co/tenaya-capitalTenOneTen Ventures,TenOneTen Ventures,247481,https://angel.co/tenoneten-ventures,,,,,,,,,,,,,,,The Westly Group,The Westly Group,223565,https://angel.co/the-westly-groupThird Rock Ventures,Third Rock Ventures,47706,https://angel.co/third-rock-venturesThrive Capital,Thrive Capital,65531,https://angel.co/thrive-capital,,,TLcom Capital Partners,TLcom Capital Partners,49097,https://angel.co/tlcom-capital-partnersTomorrowVentures,TomorrowVentures,50497,https://angel.co/tomorrowventures,,,,,,Trailblazer Capital,Trailblazer Capital,218604,https://angel.co/trailblazer-capitalTransmedia Capital,Transmedia Capital,37929,https://angel.co/transmedia-capitalTrestle Ventures,Trestle Ventures,41234,https://angel.co/trestle-venturesTriangle Peak Partners,Triangle Peak Partners,138841,https://angel.co/triangle-peak-partnersTribeca Venture Partners,Tribeca Venture Partners,89725,https://angel.co/tribeca-venture-partnersTrident Capital,Trident Capital,43388,https://angel.co/trident-capitalTrinity Ventures,Trinity Ventures,38405,https://angel.co/trinity-ventures,,,,,,True Ventures,True Ventures,39488,https://angel.co/true-venturesTTP Ventures,TTP Ventures,151819,https://angel.co/ttp-ventures,,,Union Square Ventures,Union Square Ventures,38089,https://angel.co/union-square-ventures,,,,,,,,,Updata Partners,Updata Partners,53469,https://angel.co/updata-partnersUpfront Ventures,Upfront Ventures,52304,https://angel.co/upfront-ventures-1US Venture Partners,US Venture Partners,38071,https://angel.co/us-venture-partners,,,Vaidya Capital Partners,Vaidya Capital Partners,202402,https://angel.co/vaidya-capital-partnersValar Ventures,Valar Ventures,96600,https://angel.co/valar-venturesValhalla Partners,Valhalla Partners,275139,https://angel.co/valhalla-partnersVanedge Capital,Vanedge Capital I LP,197338,https://angel.co/vanedge-capital-i-lp,,,Vast Ventures,Vast Ventures,191482,https://angel.co/vast-venturesVegasTechFund,VegasTechFund,82314,https://angel.co/vegastechfundVenrock,Venrock,39526,https://angel.co/venrockVentech,Ventech,66453,https://angel.co/ventechVenture Institute,Venture Institute,221963,https://angel.co/venture-institute,,,Verizon Ventures,Verizon Ventures,258625,https://angel.co/verizon-venturesVersant Ventures,Versant Ventures,283602,https://angel.co/versant-venturesVersion One Ventures,Version One Ventures,106386,https://angel.co/version-one-venturesVertex Venture Capital,Vertex Venture Management,37792,https://angel.co/vertex-venture-managementVicente Capital Partners,Vicente Capital Partners,298433,https://angel.co/vicente-capital-partnersVillage Ventures,Village Ventures,50491,https://angel.co/village-ventures,,,,,,,,,,,,Voyager Capital,Voyager Capital,43481,https://angel.co/voyager-capitalVulcan Capital,Vulcan Capital,116924,https://angel.co/vulcan-capitalWalden Venture Capital,Walden Venture Capital,39508,https://angel.co/walden-venture-capitalWasabi Ventures,Wasabi Ventures,73880,https://angel.co/wasabi-venturesWebb Investment Network,Webb Investment Network,49840,https://angel.co/webb-investment-network,,,Wellington Partners,Wellington Partners,37904,https://angel.co/wellington-partners,,,,,,Western Technology Investment,Western Technology Investment,42792,https://angel.co/western-technology-investment,,,White Star Capital,White Star Capital,177466,https://angel.co/white-star-capital,,,,,,,,,,,,XL CAP,XL Capital,157605,https://angel.co/xl-capital,,,Yaletown Venture Partners,Yaletown Venture Partners,110737,https://angel.co/yaletown-venture-partners,,,YJ Capital,YJ Capital,316911,https://angel.co/yj-capital,,,Yuuwa Capital,Yuuwa Capital,90232,https://angel.co/yuuwa-capitalZiff Brothers Investments,Ziff Brothers Investments,180680,https://angel.co/ziff-brothers-investmentsZouk Capital,Zouk Capital,154105,https://angel.co/zouk-capital