Name,AL Name,AL ID,AL Link
"1CorpTech","","",""
"1Oak Financial Group","1OAK Financial Group","70795","https://angel.co/1oak-financial-group"
"3i Group","3i Group","124528","https://angel.co/3i-group"
"3M New Ventures","Motion Math","2744","https://angel.co/motion-math"
"8 Miles","Gladiator Entertainment","87924","https://angel.co/gladiator-entertainment"
"A-Grade Investments","Alist.vc","279553","https://angel.co/alist-vc"
"Abingworth","Abingworth","193065","https://angel.co/abingworth"
"Acacia Capital Partners","","",""
"Accede Capital","","",""
"Accel Partners","Accel Partners","37930","https://angel.co/accel-partners"
"Accelerator Ventures","Accelerator Ventures","80916","https://angel.co/accelerator-ventures"
"ACE & Company","ACE &amp; Company","121074","https://angel.co/ace-company"
"Acorn Ventures","","",""
"ACT Venture Capital","act venture capital","269837","https://angel.co/act-venture-capital"
"Actis","Actis","116668","https://angel.co/actis"
"Active Venture Partners","ACTIVE VENTURE PARTNERS","206746","https://angel.co/active-venture-partners-1"
"Acton Capital Partners","","",""
"Adams Street Partners","Adams Street Partners","325823","https://angel.co/adams-street-partners"
"Adara Venture Partners","","",""
"Ade Capital Sodical","","",""
"Adobe Ventures","","",""
"Advanced Technology Ventures","Advanced Technology Ventures","59322","https://angel.co/advanced-technology-ventures"
"Advantage Capital Partners","Advantage Capital Partners","342418","https://angel.co/advantage-capital-partners"
"Advantage Creative Fund","DeRev","269481","https://angel.co/derev"
"Advent Venture Partners","","",""
"Adventure Capital","Adventure Capital","44829","https://angel.co/adventure-capital"
"African Lion","TIGRESS FILMS","356064","https://angel.co/tigress-films"
"AIP Venture Capital & Private Equity","","",""
"Aisling Capital","","",""
"Albion Ventures","","",""
"Aleph","AlephCloud","123867","https://angel.co/alephcloud"
"Alfred Wieder AG","","",""
"Alloy Ventures","","",""
"Alpha Venture Partners","Alpha Venture Partners","306222","https://angel.co/alpha-venture-partners"
"Alpine Equity","","",""
"Alsop Louie Partners","Alsop Louie Partners","83097","https://angel.co/alsop-louie-partners"
"Alta Partners","Altaris Capital Partners","281651","https://angel.co/altaris-capital-partners"
"Altos Ventures","","",""
"Alven Capital","Alven Capital Partners","325962","https://angel.co/alven-capital-partners"
"Amadeus Capital Partners","Amadeus Capital Partners Ltd.","52533","https://angel.co/amadeus-capital-partners-ltd"
"Ambition.VC","Ambition.vc","279099","https://angel.co/ambition-vc"
"AME Cloud Ventures","AME Cloud Ventures","268677","https://angel.co/ame-cloud-ventures"
"Amgen Ventures","","",""
"Amicus Capital","Amicus Capital","39403","https://angel.co/amicus-capital"
"Ammer!Partners","","",""
"Amplify Partners","Amplify Partners","238465","https://angel.co/amplify-partners"
"Andreessen Horowitz","Andreessen Horowitz","37820","https://angel.co/andreessen-horowitz"
"Antera Asset Management","","",""
"Anthem Venture Partners","","",""
"Anthos Capital","anthos capital","232497","https://angel.co/anthos-capital"
"Anu Connect Ventures","ANU Connect Ventures","209752","https://angel.co/anu-connect-ventures"
"AOL Ventures","AOL Ventures","81146","https://angel.co/aol-ventures"
"Apax Partners","Apax Partners","190013","https://angel.co/apax-partners"
"Applied Ventures","New Brunswick Innovation Foundation","122443","https://angel.co/new-brunswick-innovation-foundation"
"Apposite Capital","","",""
"appWorks Ventures","appWorks Ventures","25349","https://angel.co/appworks-ventures"
"Aqua Capital Partners","","",""
"Aquarius Equity Partners","","",""
"ARAX Capital","","",""
"ARC Financial","River City Financial YOUR Mortgage Architects","218056","https://angel.co/river-city-financial-your-mortgage-architects"
"ARCH Venture Partners","ARCH Venture Partners","215805","https://angel.co/arch-venture-partners"
"Ariadne Capital","Ariadne Capital","40079","https://angel.co/ariadne-capital"
"Arsenal Venture Partners","Arsenal Venture Partners","142954","https://angel.co/arsenal-venture-partners"
"Artiman Ventures","Artiman Ventures","61434","https://angel.co/artiman-ventures"
"ARTIS Ventures","ARTIS VENTURES","169320","https://angel.co/artisventures"
"Arts Alliance Ventures","Arts Alliance Ventures","65200","https://angel.co/arts-alliance-ventures"
"Ascension Ventures","","",""
"Asset Management Ventures","Asset Management Ventures","89121","https://angel.co/asset-management-ventures"
"ATA Ventures","ATA Ventures","38265","https://angel.co/ata-ventures"
"Atlantic Bridge","Atlantic Bridge","206181","https://angel.co/atlantic-bridge"
"Atlantic Ventures","New Atlantic Ventures","80822","https://angel.co/new-atlantic-ventures"
"Atlas Venture","Atlas Venture","38033","https://angel.co/atlas-venture"
"Atomico","Atomico","42561","https://angel.co/atomico"
"Augment Investments","Pix Vine Capital (PixVC)","307173","https://angel.co/pix-vine-capital-pixvc"
"Augmentum Capital","","",""
"August Capital","August Capital","38497","https://angel.co/august-capital"
"Aurelia Private Equity","","",""
"Austin Ventures","Austin Ventures","68611","https://angel.co/austin-ventures"
"Austral Capital","Pharmeasy - Started as CFO As a start-up C-level executive and corporate services manager, developed the business plan, financial model forecasts, and Australian Security Exchange (ASX) listing documentation and capitalization, before moving into the GM r","231481","https://angel.co/pharmeasy-started-as-cfo-as-a-start-up-c-level-executive-and-corporate-services-manager-developed-the-business-plan-financial-model-forecasts-and-australian-security-exchange-asx-listing-documentation-and-capitalization-before-moving-into-the-gm-role-to-s"
"Avalon Ventures","Avalon Ventures","39527","https://angel.co/avalon-ventures"
"Avlar BioVentures","","",""
"Ax Ventures","Axia Ventures","191353","https://angel.co/axia-ventures"
"AXM Venture Capital Limited","","",""
"Axon Partners Group","","",""
"Azini Capital Partners","","",""
"Azure Capital Partners","Azure Capital Partners","45267","https://angel.co/azure-capital-partners"
"b-to-v Partners AG","Adaptly","60","https://angel.co/adaptly"
"B.C. Advantage Funds","","",""
"Bain Capital Ventures","Bain Capital Ventures","40114","https://angel.co/bain-capital-ventures"
"Balderton Capital","Balderton Capital","38455","https://angel.co/balderton-capital"
"Band of Angels","Band of Angels","39931","https://angel.co/band-of-angels"
"Baroda Ventures","Baroda Ventures","131834","https://angel.co/baroda-ventures"
"Baseline Ventures","Baseline Ventures","34739","https://angel.co/baseline-ventures"
"Battery Ventures","Battery Ventures","38389","https://angel.co/battery-ventures"
"Bay Partners","China Bay Partners","38722","https://angel.co/china-bay-partners"
"Bayview Capital","","",""
"BC Discovery Fund","","",""
"BDC Venture Capital","BDC Venture Capital","140732","https://angel.co/bdc-venture-capital"
"Bee Partners","Bee Partners","185247","https://angel.co/bee-partners"
"Benchmark","Benchmark Capital","38672","https://angel.co/benchmark-capital"
"Bessemer Venture Partners","Bessemer Venture Partners","38772","https://angel.co/bessemer-venture-partners"
"BEST Funds","BEST Funds - Venture Capital &amp; Private Equity","58267","https://angel.co/best-funds-venture-capital-private-equity"
"Bestport Ventures","","",""
"betaworks","Betaworks","32061","https://angel.co/betaworks"
"Bioventures Investors","","",""
"Birchmere Ventures","Birchmere Ventures","270635","https://angel.co/birchmere-ventures"
"Blackbird Ventures (Australia)","","",""
"Bloomberg Beta","Bloomberg Beta","217456","https://angel.co/bloomberg-beta"
"BlueRun Ventures","BlueRun Ventures","39517","https://angel.co/bluerun-ventures"
"Blumberg Capital","Blumberg Capital","72874","https://angel.co/blumberg-capital"
"Blume Ventures","Blume Ventures","65584","https://angel.co/blume-ventures"
"BOLDstart Ventures","boldstart ventures","104708","https://angel.co/boldstart-ventures"
"Bowery Capital","Bowery Capital","204222","https://angel.co/bowery-capital"
"BoxGroup","BoxGroup","146154","https://angel.co/boxgroup"
"BPE","BPE Fund Investor GmbH","169518","https://angel.co/bpe-fund-investor-gmbh"
"Brandon Capital Partners","Brandon Capital Partners","213805","https://angel.co/brandon-capital-partners"
"Brightspark Ventures","Brightspark","85424","https://angel.co/brightspark"
"Brooklyn Bridge Ventures","Brooklyn Bridge Ventures","63972","https://angel.co/brooklyn-bridge-ventures"
"Bullnet Gestion SGECR","","",""
"Bullpen Capital","Bullpen Capital","1981","https://angel.co/bullpen-capital"
"Burch Creative Capital","Burch Creative Capital","236160","https://angel.co/burch-creative-capital"
"CAA Ventures","","",""
"California Technology Ventures","California Technology Ventures","216120","https://angel.co/california-technology-ventures"
"Canaan Partners","Canaan Partners","39093","https://angel.co/canaan-partners"
"Canyon Creek Capital","Canyon Creek Capital","144651","https://angel.co/canyon-creek-capital"
"Cape Fund","IMAF cape fear angel fund","299033","https://angel.co/imaf-cape-fear-angel-fund"
"Capnamic Ventures","Capnamic Ventures","253715","https://angel.co/capnamic-ventures"
"Capricorn Investment Group","Capricorn Investment Group","258371","https://angel.co/capricorn-investment-group"
"Carmel Ventures","Carmel Ventures","45223","https://angel.co/carmel-ventures"
"Catapult Venture Managers","","",""
"Celtic House Venture Partners","","",""
"CentreStone Ventures","","",""
"CFH","","",""
"Champ Private Equity","Vumero","24040","https://angel.co/vumero"
"CHAMP Ventures","","",""
"Charles River Ventures","Charles River Ventures","37819","https://angel.co/charles-river-ventures"
"Chart Venture Partners","Chart Venture Partners","262770","https://angel.co/chart-venture-partners"
"Chicago Growth Partners","Reppio","300853","https://angel.co/reppio-1"
"Chrysalix EVC","","",""
"Cipio Partners","Cipio Partners","216220","https://angel.co/cipio-partners"
"Cisco","Cisco","33498","https://angel.co/cisco"
"Clarendon Fund Managers","","",""
"Clave Mayor","Clave Mayor","72334","https://angel.co/clave-mayor"
"Clean Energy Venture Group","Clean Energy Venture Development Group","261420","https://angel.co/clean-energy-venture-development-group"
"Cleantech Ventures","Cleantech, Social Ventures, Tech.","318615","https://angel.co/cleantech-social-ventures-tech"
"Clearpoint Ventures","","",""
"Clearstone Venture Partners","","",""
"CM Capital Investments","Favsales","174796","https://angel.co/favsales-1"
"Coatue Management","","",""
"Collaborative Fund","Collaborative Fund","69753","https://angel.co/collaborative-fund"
"Columbia Capital","Columbia Capital","39493","https://angel.co/columbia-capital"
"Columbia Partners Private Capital","","",""
"Comcast Ventures","Comcast Ventures","37897","https://angel.co/comcast-ventures"
"Conduit Ventures","","",""
"Confrapar","Confrapar.com.br","42756","https://angel.co/confrapar-com-br"
"Connect Ventures","Connect Ventures","63234","https://angel.co/connect-ventures"
"Connecticut Innovations","Connecticut Innovations","163310","https://angel.co/connecticut-innovations"
"Core VC","Apptopia","71368","https://angel.co/apptopia"
"CorpoSana Capital","","",""
"Correlation Ventures","Correlation Ventures","39833","https://angel.co/correlation-ventures"
"Costanoa Venture Capital","Costanoa Venture Capital","277464","https://angel.co/costanoa-venture-capital"
"Covera Ventures","","",""
"Covington Funds","","",""
"Cowboy Ventures","Cowboy Ventures","140439","https://angel.co/cowboy-ventures"
"Coyote Ridge Ventures","Coyote Ridge Ventures","161385","https://angel.co/coyote-ridge-ventures"
"Creandum","Creandum","113099","https://angel.co/creandum"
"Creathor Venture Management","Creathor Venture Management","230308","https://angel.co/creathor-venture-management"
"Creative Advantage Fund","DeRev","269481","https://angel.co/derev"
"Credo Ventures","Credo Ventures","35092","https://angel.co/credo-ventures"
"Crescent Capital","","",""
"Crosscut Ventures","Crosscut Ventures","88111","https://angel.co/crosscut-ventures"
"Crosslink Capital","Crosslink Capital","37925","https://angel.co/crosslink-capital"
"Crosspoint Venture Partners","","",""
"CRP (Brazil)","","",""
"Crucible","The Crucible","72314","https://angel.co/the-crucible"
"CrunchFund","CrunchFund","57782","https://angel.co/crunchfund"
"CTI Life Sciences Fund","","",""
"Cue Ball","Cue Ball Capital","38603","https://angel.co/cue-ball-capital"
"Cultivian Ventures","","",""
"CVC Capital Partners","CVC Capital Partners","284653","https://angel.co/cvc-capital-partners"
"CVC Private Equity","","",""
"CVC Sustainable Investments","","",""
"cventures","","",""
"Cycle Capital","New Cycle Capital","136946","https://angel.co/new-cycle-capital"
"Dace Ventures","","",""
"DAG Ventures","DAG Ventures","80741","https://angel.co/dag-ventures"
"Danube Equity","","",""
"Data Collective","Data Collective","79613","https://angel.co/data-collective"
"Data Point Capital","Data Point Capital","143445","https://angel.co/data-point-capital"
"Dawn Capital","","",""
"DBL Investors","DBL Investors (Venture Capital)","296450","https://angel.co/dbl-investors-venture-capital"
"DCM","DCM","40627","https://angel.co/dcm"
"Dell Ventures","Reduxio Systems","318372","https://angel.co/reduxio-systems"
"Delphi Ventures","MCI/News Corp. Internet Ventures (Delphi Internet)","228905","https://angel.co/mci-news-corp-internet-ventures-delphi-internet"
"Designer Fund","Designer Fund","52872","https://angel.co/designer-fund"
"Deutsche Telekom","Deutsche Telekom","54527","https://angel.co/deutsche-telekom"
"DFJ Esprit","DFJ Esprit","52889","https://angel.co/dfj-esprit"
"DFJ Frontier","DFJ Frontier","205593","https://angel.co/dfj-frontier"
"DFJ Gotham Ventures","DFJ Gotham Ventures","48796","https://angel.co/dfj-gotham-ventures"
"DFJ Growth","DFJ Growth","143698","https://angel.co/dfj-growth"
"DGF Investimentos","DGF Investimentos","117543","https://angel.co/dgf-investimentos"
"Diana Capital S.G.E.C.R., S.A.","","",""
"Digital Sky Technologies (DST)","","",""
"DN Capital","DN Capital","90016","https://angel.co/dn-capital"
"Domain Associates","","",""
"Double M Partners","Double M Partners","135629","https://angel.co/double-m-partners"
"DoubleRock","DoubleRock","203141","https://angel.co/doublerock-1"
"Doughty Hanson & Co. Technology Ventures","","",""
"DragonVenture, Inc.","","",""
"Draper Fisher Jurvetson (DFJ)","DFJ","37932","https://angel.co/dfj"
"Drive Capital","boldstart ventures","104708","https://angel.co/boldstart-ventures"
"Dumont Venture","DuMont Venture","72789","https://angel.co/dumont-venture"
"Dynamics Venture Capital Fund","","",""
"e.Bricks Digital","e.Bricks Digital","249239","https://angel.co/e-bricks-digital"
"e.ventures","e.ventures","37928","https://angel.co/e-ventures"
"Earlybird Venture Capital","Earlybird Venture Capital","56544","https://angel.co/earlybird-venture-capital"
"Earthrise Capital Partners","","",""
"Easton Capital","Easton Capital","87985","https://angel.co/easton-capital"
"EC1 Capital Ltd","EC1 Capital Ltd","68957","https://angel.co/ec1-capital-ltd"
"eCapital Entrepreneurial Partners AG","","",""
"EchoVC Partners","","",""
"ECI Partners","","",""
"EcoInvestors Germany","","",""
"EcosVenture","","",""
"Ecosystem Ventures","Ecosystem Ventures","41946","https://angel.co/ecosystem-ventures"
"Eden Ventures","Eden Ventures","44986","https://angel.co/eden-ventures"
"Edison Ventures","Edison Ventures","216514","https://angel.co/edison-ventures"
"El Dorado Ventures","El Dorado Ventures","38969","https://angel.co/el-dorado-ventures"
"Elderstreet","","",""
"Elevate Ventures","Elevate Ventures","90213","https://angel.co/elevate-ventures"
"EMBL Ventures","","",""
"Emergence Capital Partners","Emergence Capital Partners","60193","https://angel.co/emergence-capital-partners"
"EnerTech Capital","Enertech Capital","51733","https://angel.co/enertech-capital"
"ENIAC Ventures","Eniac Ventures","38157","https://angel.co/eniac-ventures"
"Enjoyventure Management","","",""
"Enterprise Equity Limited","Quintessentially Ventures","320987","https://angel.co/quintessentially-ventures-1"
"Enterprise Ireland","Enterprise Ireland","52888","https://angel.co/enterprise-ireland"
"Environmental Technologies Fund","","",""
"Epic Ventures","EPIC Ventures","43712","https://angel.co/epic-ventures"
"Epiphany Ventures","","",""
"Equitas Ventures","","",""
"ESB Novusmodus","","",""
"European Equity Partners","","",""
"Evergreen Venture Partners","Evergreen Venture Partners","205001","https://angel.co/evergreen-venture-partners"
"EVP Capital Management","","",""
"Excalibur","Excalibur Technology","180706","https://angel.co/excalibur-technology"
"Executive Venture Partners","EyeEm","26474","https://angel.co/eyeem"
"Expansion Capital","Expansion Venture Capital","85786","https://angel.co/expansion-venture-capital"
"Extremadura Avante","","",""
"Fairhaven Capital Partners","","",""
"Felicis Ventures","Felicis Ventures","38903","https://angel.co/felicis-ventures"
"Fenox Venture Capital","Fenox Venture Capital","160409","https://angel.co/fenox-venture-capital-1"
"ff Venture Capital","ff Venture Capital","53627","https://angel.co/ffvc"
"Fidelity Growth Partners Europe","Fidelity Growth Partners Europe","232778","https://angel.co/fidelity-growth-partners-europe"
"Fidelity Ventures","Fidelity Ventures","161642","https://angel.co/fidelity-ventures"
"Finance Wales","","",""
"Finaves S.C.R.","","",""
"Fir Capital","FirstMark Capital","48582","https://angel.co/firstmark-capital"
"First Round Capital","First Round Capital","40614","https://angel.co/first-round-capital"
"FirstMark Capital","FirstMark Capital","48582","https://angel.co/firstmark-capital"
"Flagship Ventures","Flagship Ventures","58075","https://angel.co/flagship-ventures"
"FLOODGATE","Floodgate","48804","https://angel.co/floodgate"
"Floodgate Fund","Floodgate","48804","https://angel.co/floodgate"
"Flybridge Capital Partners","Flybridge Capital Partners","41046","https://angel.co/flybridge-capital-partners"
"Focus Ventures","Focus Ventures","39492","https://angel.co/focus-ventures"
"Fonds Capital Culture Québec","","",""
"Foragen Technologies Management","","",""
"Forerunner Ventures","Forerunner Ventures","80424","https://angel.co/forerunner-ventures"
"Foresite Capital","","",""
"Formation 8","Formation | 8","179221","https://angel.co/formation-8"
"Formula VC","Formula VC","141501","https://angel.co/formula-vc"
"Foundation Capital","Foundation Capital","38091","https://angel.co/foundation-capital"
"Founder Collective","Founder Collective","38478","https://angel.co/founder-collective"
"Founder's Co-op","","",""
"Founders Fund","Founders Fund","218511","https://angel.co/founders-fund"
"Foundry Group","Foundry Group","39489","https://angel.co/foundry-group"
"Fountain Healthcare Partners","","",""
"Four Hats","","",""
"Four Rivers Group","","",""
"Fox Investments","Fox River Investments","192494","https://angel.co/fox-river-investments"
"Frazier Healthcare Ventures","","",""
"Frazier Technology Ventures","Socrata","131788","https://angel.co/socrata"
"Freeman Spogli & Co.","Freeman Spogli &amp; Co.","352650","https://angel.co/freeman-spogli-co"
"Freestyle Capital","Freestyle Capital","36583","https://angel.co/freestyle-capital"
"Frog Capital","","",""
"Fuel Capital","Fuel Capital","306774","https://angel.co/fuel-capital"
"Fuel Capital Partners","Adaptly","60","https://angel.co/adaptly"
"FundersClub","FundersClub","108312","https://angel.co/fundersclub"
"Fung Capital USA","Fung Capital USA","216729","https://angel.co/fung-capital-usa"
"Future Capital","Future Capital","51058","https://angel.co/future-capital"
"Gamma Capital Partners","","",""
"Gemini Israel Ventures","","",""
"General Atlantic","General Atlantic","51176","https://angel.co/general-atlantic"
"General Catalyst Partners","General Catalyst Partners","38757","https://angel.co/general-catalyst-partners"
"Generation Growth Capital","VentureCrowd Pty Ltd","334341","https://angel.co/venturecrowd-pty-ltd"
"Genesis Partners","Genesis Revenue Partners","178031","https://angel.co/genesis-revenue-partners"
"Genesys Capital","","",""
"GENIUS Venture Capital","Mozart Venture Partners","222274","https://angel.co/mozart-venture-partners"
"Genwealth Venture Partners","","",""
"Georgian Partners","","",""
"German Media Pool","GMPVC German Media Pool","281487","https://angel.co/gmpvc-german-media-pool"
"German Ventures","German Ventures GmbH","225936","https://angel.co/german-ventures-gmbh"
"GGV Capital","GGV Capital","212538","https://angel.co/ggv-capital"
"Gimv","GIMV","244461","https://angel.co/gimv"
"Global Founders Capital","Global Founders Capital","244349","https://angel.co/global-founders-capital"
"Global Life Science Ventures","Silicon Badia","116331","https://angel.co/silicon-badia"
"Globespan Capital Partners","Globespan Capital Partners","216793","https://angel.co/globespan"
"Glynn Capital Management","Glynn Capital Management","71567","https://angel.co/glynn-capital-management"
"Golden Gate Ventures","Golden Gate Ventures","93251","https://angel.co/golden-gate-ventures"
"Golden Venture Partners","Golden Venture Partners","101852","https://angel.co/golden-venture-partners"
"Goldman Sachs","Goldman Sachs","37794","https://angel.co/goldman-sachs"
"GoodVent","","",""
"Google Ventures","Google Ventures","37940","https://angel.co/google-ventures"
"Gramercy Fund","The Gramercy Fund","343098","https://angel.co/the-gramercy-fund"
"GrandBanks Capital","GrandBanks Capital","60741","https://angel.co/grandbanks-capital"
"Granite Ventures","Granite Ventures","43077","https://angel.co/granite-ventures"
"Great Oaks Venture Capital","Great Oaks Venture Capital","44891","https://angel.co/great-oaks-venture-capital"
"GreenSoil Investments","GreenSoil Investments","216830","https://angel.co/greensoil-investments"
"Gresham Private Equity","","",""
"Greycroft Partners","Greycroft Partners","41691","https://angel.co/greycroft-partners"
"Greylock Partners","Greylock Partners","37941","https://angel.co/greylock-partners"
"GrowthWorks Capital","","",""
"GSV Capital","GSV Capital","187372","https://angel.co/gsv-capital"
"H.I.G. Capital Partners","","",""
"Hamilton BioVentures","","",""
"Hamilton Bradshaw Group","","",""
"Harris & Harris Group","RK Harrison Group","203556","https://angel.co/rk-harrison-group"
"Harrison Metal Capital","Gigwalk","31544","https://angel.co/gigwalk"
"Helion Venture Partners","TaxiForSure","248013","https://angel.co/taxiforsure"
"HFPX","HFPX","126154","https://angel.co/hfpx"
"HgCapital","hgcapital","154497","https://angel.co/hgcapital"
"High Line Venture Partners","High Line Venture Partners","39515","https://angel.co/high-line-venture-partners"
"High Peaks Venture Partners","High Peaks Venture Partners","42367","https://angel.co/high-peaks-venture-partners"
"High Tech Gruenderfonds","High-Tech Gruenderfonds","293472","https://angel.co/high-tech-gruenderfonds"
"Highgrowth Partners","","",""
"Highland Capital Partners","Highland Capital Partners","38156","https://angel.co/highland-capital-partners"
"Highway 12 Ventures","Highway 12 Ventures","49943","https://angel.co/highway-12-ventures"
"HLM Venture Partners","","",""
"Horizonte Venture Management","","",""
"Howzat Partners","","",""
"HP Ventures","OneFold","251378","https://angel.co/onefold"
"Hudson Ventures","","",""
"Hummer Winblad Venture Partners","Hummer Winblad","83099","https://angel.co/hummer-winblad"
"HV Holtzbrinck Ventures","","",""
"Hyde Park Venture Partners","Hyde Park Venture Partners","197829","https://angel.co/hyde-park-venture-partners"
"IA Ventures","IA Ventures","36581","https://angel.co/ia-ventures"
"Idealab","Idealab","29121","https://angel.co/idealab"
"IDG Ventures","IDG Ventures","62792","https://angel.co/idg-ventures-1"
"IDG Ventures USA","","",""
"IDInvest Partners","IDInvest Partners","45728","https://angel.co/idinvest-partners"
"IG Expansion","","",""
"Ignition Partners","Ignition Partners","39149","https://angel.co/ignition-partners"
"Illuminate Ventures","Illuminate Ventures","75493","https://angel.co/illuminate-ventures"
"Imlay Investments","Imlay Investments","44897","https://angel.co/imlay-investments"
"Imperious Group","Imperious Group","223691","https://angel.co/imperious-group"
"In-Q-Tel","In-Q-Tel","38829","https://angel.co/in-q-tel"
"Index Ventures","Index Ventures","39531","https://angel.co/index-ventures"
"India Quotient","india quotient","125647","https://angel.co/india-quotient"
"Inerjys","","",""
"Initial Factor","Bullpen Capital","1981","https://angel.co/bullpen-capital"
"Initialized Capital","","",""
"InMedia","Playerking","266544","https://angel.co/playerking"
"InnoCal Venture Capital","","",""
"Innovacom","Innovacom Venture Capital","251977","https://angel.co/innovacom-venture-capital"
"Innovacorp","Innovacorp","162327","https://angel.co/innovacorp"
"Innovation Capital","Pix Vine Capital (PixVC)","201602","https://angel.co/pix-vine-capital-pixvc-1"
"Innvotec","Hash Innvotech Pvt. Ltd","280623","https://angel.co/hash-innvotech-pvt-ltd"
"iNovia Capital","iNovia Capital","43532","https://angel.co/inovia-capital"
"Inseed Investimentos","","",""
"Insight Venture Partners","Insight Venture Partners","43387","https://angel.co/insight-venture-partners"
"Institutional Venture Partners","Institutional Venture Partners","46542","https://angel.co/institutional-venture-partners"
"INTEC IT Capital","","",""
"Intel Capital","Intel Capital","39830","https://angel.co/intel-capital"
"Intelligent Venture Capital","boldstart ventures","104708","https://angel.co/boldstart-ventures"
"InterSouth Partners","","",""
"InterWest Partners","InterWest Partners","45351","https://angel.co/interwest-partners"
"Inventages Venture Capital Investment Inc.","","",""
"Inventis Partners","","",""
"Inventure","InVenture","24322","https://angel.co/inventure"
"Inventus Capital Partners","","",""
"Investor AB","I Have Been a Founder and a Founding Investor in All the Companies Listed Above.","48920","https://angel.co/i-have-been-a-founder-and-a-founding-investor-in-all-the-companies-listed-above"
"Investor Growth Capital","Investor Growth Capital","120547","https://angel.co/investor-growth-capital"
"IP Group Plc","IP Group PLC","230027","https://angel.co/ip-group-plc"
"IQ Capital Partners","IQ Capital Partners","68568","https://angel.co/iq-capital-partners"
"Jafco Ventures","JAFCO Ventures","242814","https://angel.co/jafco-ventures"
"Javelin Venture Partners","Javelin Venture Partners","38508","https://angel.co/javelin-venture-partners"
"Javelin Ventures","","",""
"Jerusalem Venture Partners","","",""
"JMI Equity","JMI Equity","163195","https://angel.co/jmi-equity"
"Johnson & Johnson Development Corporation","","",""
"Juniper Networks","Juniper Networks","37574","https://angel.co/juniper-networks"
"K9 Ventures","K9 Ventures","39302","https://angel.co/k9-ventures"
"Kapor Capital","Kapor Capital","38494","https://angel.co/kapor-capital"
"Karlin Ventures","Karlin Ventures","117793","https://angel.co/karlin-ventures"
"KaszeK Ventures","Kaszek Ventures","89317","https://angel.co/kaszek-ventures"
"kbs+ Ventures","kbs+ Ventures","47863","https://angel.co/kbs-ventures-1"
"KEC Ventures","","",""
"Kepha Partners","Kepha Partners","68352","https://angel.co/kepha-partners"
"Kernel Capital Partners","","",""
"Khosla Ventures","Khosla Ventures","39529","https://angel.co/khosla-ventures"
"Killick Capital","","",""
"Kima Ventures","Kima Ventures","177108","https://angel.co/kima-ventures"
"Kizoo Technology Ventures","KIZOO Technology Ventures","217181","https://angel.co/kizoo-technology-ventures"
"Klass Capital","Klass Capital","164343","https://angel.co/klass-capital"
"Kleiner Perkins Caufield & Byers","Kleiner Perkins Caufield Byers","38799","https://angel.co/kleiner-perkins-caufield-byers"
"Knightship","","",""
"Kodiak Venture Partners","Kodiak Venture Partners","113042","https://angel.co/kodiak-venture-partners"
"KPCB Holdings","","",""
"KPS Capital Partners","","",""
"Kreos Capital","","",""
"Lakestar","Lakestar","150252","https://angel.co/lakestar"
"LaunchCapital","LaunchCapital","40057","https://angel.co/launchcapital"
"Lean Fund","Bullpen Capital","1981","https://angel.co/bullpen-capital"
"Learn Capital","Learn Capital","53614","https://angel.co/learn-capital"
"Leonardo Venture","","",""
"Lerer Ventures","Lerer Ventures","40265","https://angel.co/lerer-ventures"
"Lightbank","Lightbank","41357","https://angel.co/lightbank"
"Lightspeed Venture Partners","Lightspeed Venture Partners","41742","https://angel.co/lightspeed-venture-partners"
"Linseed Capital","Linseed Capital","170559","https://angel.co/linseed-capital"
"Long Ridge Equity Partners","","",""
"Longbow Capital","","",""
"Longworth Venture Partners","Longworth Venture Partners","38035","https://angel.co/longworth-venture-partners"
"Lowercase Capital","Lowercase Capital","39487","https://angel.co/lowercase-capital"
"Ludlow Ventures","Ludlow Ventures","38796","https://angel.co/ludlow-ventures"
"Lumira Capital","","",""
"Lux Capital","Lux Capital","53468","https://angel.co/lux-capital"
"Lyceum Capital","","",""
"Madrona Venture Group","Madrona Venture Group","39490","https://angel.co/madrona-venture-group"
"Mangrove Capital Partners","","",""
"Mark Ventures","Upfront Ventures","52304","https://angel.co/upfront-ventures-1"
"Marlin Equity Partners","","",""
"Marywn","","",""
"Master Minds Capital","Master Minds Capital","181615","https://angel.co/master-minds-capital"
"Matrix Partners","Matrix Partners","39528","https://angel.co/matrix-partners"
"Matrix Partners India","","",""
"Maveron","Maveron","38092","https://angel.co/maveron"
"Mayfield Fund","Mayfield Fund","37334","https://angel.co/mayfield-fund"
"Medicis Capital","","",""
"Menlo Ventures","Menlo Ventures","42375","https://angel.co/menlo-ventures"
"Mercury Fund","Mercury Fund","58274","https://angel.co/mercury-fund"
"Meridian Venture Partners","","",""
"Meritech Capital Partners","","",""
"MESA+","MESA+","131651","https://angel.co/mesa-1"
"Metamorphic Ventures","Metamorphic Ventures","43482","https://angel.co/metamorphic-ventures"
"Metric Capital Partners","","",""
"MHS Capital","MHS Capital","34468","https://angel.co/mhs-capital"
"Middleland Capital","Middleland Capital","138938","https://angel.co/middleland-capital"
"Midven","Midven","165795","https://angel.co/midven"
"MIG AG","Base Ventures","246442","https://angel.co/base-ventures"
"Millennium Technology Value Partners","Millennium Technology Value Partners","153534","https://angel.co/millennium-technology-value-partners"
"Miramar Venture Partners","Miramar Venture Partners","95952","https://angel.co/miramar-venture-partners"
"Mission Ventures","Felicis Ventures","38903","https://angel.co/felicis-ventures"
"MissionOG","MissionOG","169390","https://angel.co/missionog"
"MK Capital","MK Capital","63814","https://angel.co/mk-capital"
"MMC Ventures","MMC Ventures","253840","https://angel.co/mmc-ventures"
"Mobeus Equity Partners","","",""
"Mobility Ventures","Kenguru, Inc.","31812","https://angel.co/kenguru-inc"
"Mohr Davidow Ventures","Mohr Davidow Ventures","38687","https://angel.co/mohr-davidow-ventures"
"Morado Ventures","First Floor Labs","171931","https://angel.co/first-floor-labs"
"More Invest","INISMO","48870","https://angel.co/inismo-1"
"Morgenthaler Ventures","Morgenthaler Ventures","37931","https://angel.co/morgenthaler-ventures"
"MPM Capital","","",""
"Mpower Ventures","","",""
"Munich Venture Partners","Earlybird Venture Capital","56544","https://angel.co/earlybird-venture-capital"
"MVM Life Science Partners","","",""
"Nashville Capital Network Angel Fund","","",""
"Nashville Capital Network Angel Group","","",""
"Nashville Capital Network TN Angel Fund","","",""
"Nazca Capital","Nazca Ventures","85434","https://angel.co/nazca-ventures"
"NBGI Ventures","NBGI Ventures","254487","https://angel.co/nbgi-ventures"
"NCT Ventures","NCT Ventures","355323","https://angel.co/nct-ventures"
"Neo Technology Ventures","","",""
"Neu Venture Capital","Neu Venture Capital","79492","https://angel.co/neu-venture-capital"
"New Atlantic Ventures","New Atlantic Ventures","80822","https://angel.co/new-atlantic-ventures"
"New Brunswick Innovation Foundation","New Brunswick Innovation Foundation","122443","https://angel.co/new-brunswick-innovation-foundation"
"New Enterprise Associates","New Enterprise Associates","44895","https://angel.co/new-enterprise-associates"
"New Leaf Venture Partners","New Leaf Venture Partners","291507","https://angel.co/new-leaf-venture-partners"
"New Markets Venture Partners","MI Ventures","237921","https://angel.co/mi-ventures"
"New World Ventures","New World Ventures","53256","https://angel.co/new-world-ventures"
"NewSchools Venture Fund","NewSchools Venture Fund","137612","https://angel.co/newschools-venture-fund"
"NewSpring Capital","","",""
"Next Capital","NextStage Capital Management","57439","https://angel.co/nextstage-capital-management"
"Next Wave Partners","Next Wave Partners","114534","https://angel.co/next-wave-partners"
"NextView Ventures","NextView Ventures","54406","https://angel.co/nextview-ventures"
"Nexus Venture Partners","","",""
"Nokia Growth Partners","Nokia Growth Partners","103822","https://angel.co/nokia-growth-partners"
"North Bridge Venture Partners","North Bridge Venture Partners","38816","https://angel.co/north-bridge-venture-partners"
"North Hill Ventures","North Hill Ventures","147629","https://angel.co/north-hill-ventures"
"NorthEdge Capital","","",""
"Northgate Capital","Northgate Capital","50186","https://angel.co/northgate-capital"
"Northstar Ventures","Northstar Ventures","221715","https://angel.co/northstar-ventures"
"Northzone","Northzone","205801","https://angel.co/northzone"
"Norwest Venture Partners","Norwest Venture Partners","37920","https://angel.co/norwest-venture-partners"
"Notion Capital","Notion Capital","236243","https://angel.co/notion-capital"
"Novacap","","",""
"Novak Biddle Venture Partners","Novak Biddle Venture Partners","38817","https://angel.co/novak-biddle-venture-partners"
"NVM Private Equity","","",""
"O'Reilly AlphaTech Ventures","O&#x27;Reilly AlphaTech Ventures","172694","https://angel.co/o-reilly-alphatech-ventures"
"Oak Investment Partners","Oak Investment Partners","211665","https://angel.co/oak-investment-partners"
"Oakfield Capital Partners","","",""
"Oasis 500","Oasis 500","313949","https://angel.co/oasis-500"
"OCA Ventures","OCA Ventures","38474","https://angel.co/oca-ventures"
"Octopus","Octopus Software","205501","https://angel.co/octopus-software"
"Okapi Venture Capital","Okapi Venture Capital","68343","https://angel.co/okapi-venture-capital"
"OMERS Ventures","OMERS Ventures","217734","https://angel.co/omers-ventures"
"Omidyar Network","Omidyar Network","44271","https://angel.co/omidyar-network"
"ONSET Ventures","Onset Ventures","339627","https://angel.co/onset-ventures"
"OpenView Venture Partners","OpenView Venture Partners","29739","https://angel.co/openview-venture-partners"
"Opus Capital","Opus Capital","45306","https://angel.co/opus-capital"
"OrbiMed Advisors","","",""
"Origin Ventures","Origin Ventures","274550","https://angel.co/origin-ventures"
"Osage University Partners","Osage University Partners","130111","https://angel.co/osage-university-partners"
"Osage Venture Partners","Osage University Partners","130111","https://angel.co/osage-university-partners"
"OurCrowd","OurCrowd","157291","https://angel.co/ourcrowd"
"OVP Venture Partners","","",""
"Oxford Capital Partners","Oxford Capital Partners","45202","https://angel.co/oxford-capital-partners"
"Pacific Equity Partners","Pacific Equity Partners","172423","https://angel.co/pacific-equity-partners"
"Palamon Capital Partners","","",""
"PALgenesis","","",""
"Pall Mall Partners","","",""
"Palmer Capital","","",""
"Palomar Ventures","Palomar Ventures","205197","https://angel.co/palomar-ventures"
"Pangaea Ventures","","",""
"Panorama Capital","Panorama Capital","40680","https://angel.co/panorama-capital"
"Parkwalk Advisors Ltd","","",""
"Partech Ventures","Partech International","44826","https://angel.co/partech-international"
"Partner Fund","Blackberry Partners Fund","37896","https://angel.co/blackberry-partners-fund"
"Passion Capital","Passion Capital","63088","https://angel.co/passion-capital"
"Peppermint Venture Partners","","",""
"Phase4Partners","","",""
"Pitango Venture Capital","","",""
"PivotNorth Capital","Pivotnorth Capital","36582","https://angel.co/pivotnorth-capital"
"Playfair Capital","Playfair Capital","279605","https://angel.co/playfair-capital"
"Plus Capital","Plus Capital","268943","https://angel.co/plus-capital"
"Podium Ventures","Podium Ventures","100251","https://angel.co/podium-ventures"
"Point Nine Capital","Point Nine Capital","45968","https://angel.co/point-nine-capital"
"Polaris Partners","Polaris Partners","55298","https://angel.co/polaris-partners-1"
"Polytechnos","","",""
"Pontis Capital","","",""
"Presidio Ventures","Presidio Ventures LLC","172420","https://angel.co/presidio-ventures-llc"
"Primary Capital","ZernikeMeta Ventures","99083","https://angel.co/zernikemeta-ventures"
"Prism VentureWorks","","",""
"Priveq Investment","","",""
"Profounders Capital","PROfounders Capital","79340","https://angel.co/profounders-capital"
"Prolog Ventures","Prolog Ventures","85821","https://angel.co/prolog-ventures"
"Promus Ventures","Promus Ventures","112652","https://angel.co/promus-ventures"
"QED Investors","QED Investors","209232","https://angel.co/qed-investors"
"Qualcomm Ventures","Qualcomm Ventures","214699","https://angel.co/qualcomm-ventures"
"Qubis","","",""
"Quest Venture Partners","Quest Venture Partners","40810","https://angel.co/quest-venture-partners"
"Quorum Group","","",""
"Quotidian Ventures","Quotidian Ventures","117927","https://angel.co/qventures"
"Raptor Ventures","Raptor Ventures","102596","https://angel.co/raptor-ventures"
"RBB Management AG","","",""
"Real Ventures","Real Ventures","41137","https://angel.co/real-ventures"
"Red Sea Venture Partners","Red Sea Ventures","210260","https://angel.co/red-sea-ventures"
"Red Swan","Red Swan","232389","https://angel.co/red-swan"
"Redpoint Ventures","Redpoint Ventures","38837","https://angel.co/redpoint-ventures"
"Reed Elsevier Ventures","","",""
"Reinventure","Reinventure Group Pty Ltd","301682","https://angel.co/reinventure-group-pty-ltd"
"Relay Ventures","Relay Ventures","78043","https://angel.co/relay-ventures"
"Rembrandt Venture Partners","Rembrandt Venture Partners","83794","https://angel.co/rembrandt-venture-partners"
"Renewal Funds","","",""
"Resolute.vc","Resolute.vc","81966","https://angel.co/resolute-vc"
"Revolution Ventures","Revolution Ventures","239247","https://angel.co/revolution-ventures"
"Rho Canada Ventures","Extreme Startups","96170","https://angel.co/extremestartups"
"Rho Capital Partners","Rho Capital Partners","203850","https://angel.co/rho-capital-partners"
"Ribbit Capital","Ribbit Capital","106399","https://angel.co/ribbit-capital"
"Rincon Venture Partners","Rincon Venture Partners","38707","https://angel.co/rincon-venture-partners"
"Risk Capital Partners","Risk Capital Partners","181665","https://angel.co/risk-capital-partners"
"Rivers Capital Partners","","",""
"Robert Bosch Venture Capital","","",""
"Rocket Internet","Rocket Internet","46737","https://angel.co/rocket-internet"
"RockPort Capital Partners","RockPort Capital Partners","320039","https://angel.co/rockport-capital-partners"
"Rogers Ventures","","",""
"Romulus Capital","Romulus Capital","45755","https://angel.co/romulus-capital"
"Root Capital","Arbor Ventures","200640","https://angel.co/arbor-ventures"
"Rosetta Capital Ltd.","","",""
"Rothenberg Ventures","Rothenberg Ventures","135632","https://angel.co/rothenberg-ventures"
"Rough Draft Ventures","Rough Draft Ventures","160438","https://angel.co/rough-draft-ventures-1"
"Route 66 Ventures","","",""
"RRE Ventures","RRE Ventures","51576","https://angel.co/rre-ventures"
"RTP Ventures","RTP Ventures","53905","https://angel.co/rtp-ventures"
"Russian Ventures","Russian Ventures","207767","https://angel.co/russian-ventures"
"Rustic Canyon Partners","Rustic Canyon Partners","37858","https://angel.co/rustic-canyon-partners"
"Samsung Ventures","Samsung Ventures","37791","https://angel.co/samsung-ventures"
"San Francisco Equity Partners","","",""
"SAP Ventures","SAP startup.focus.","284538","https://angel.co/sap-startup-focus"
"Scale Venture Partners","Scale Venture Partners","41139","https://angel.co/scale-venture-partners"
"Science","Sift Science","54312","https://angel.co/sift-science"
"Scottish Equity Partners","","",""
"Scout Ventures","Scout Ventures","57127","https://angel.co/scout-ventures"
"Seaya Ventures","","",""
"Seed Capital de Bizkaia","","",""
"SeedRocket","SeedRocket","62700","https://angel.co/seedrocket"
"Selby Ventures","","",""
"Sequoia Capital","Sequoia Capital","37926","https://angel.co/sequoia-capital"
"Serra Ventures","Serra Ventures","329159","https://angel.co/serra-ventures"
"Seven Spires Investment","","",""
"SeventySix Captial","","",""
"Sevin Rosen Funds","","",""
"Shackleton Ventures","","",""
"Shasta Ventures","Shasta Ventures","37988","https://angel.co/shasta-ventures"
"SHS Gesellschaft für Beteiligungsmanagement mbH","","",""
"Siemens Venture Capital","Siemens Venture Capital","110094","https://angel.co/siemens-venture-capital"
"Siemer Ventures","Siemer Ventures","56200","https://angel.co/siemer-ventures"
"Sierra Maya Ventures","Sierra Maya Ventures","188282","https://angel.co/sierra-maya-ventures"
"Sierra Ventures","Sierra Maya Ventures","188282","https://angel.co/sierra-maya-ventures"
"Sigma Partners","Sigma Partners","39532","https://angel.co/sigma-partners"
"Sigma Prime Ventures","Sigma Prime Ventures","139265","https://angel.co/sigma-prime-ventures"
"Sigma West","Sigma West","183093","https://angel.co/sigma-west"
"Signia Venture Partners","Signia Venture Partners","119001","https://angel.co/signia-venture-partners"
"Silas Capital","Silas Capital","57372","https://angel.co/silas-capital"
"Silicon Valley Bank","Silicon Valley Bank","53137","https://angel.co/silicon-valley-bank"
"Silver Lake Partners","Silver Lake Partners","112099","https://angel.co/silver-lake-partners"
"Sirius Venture Partners","","",""
"SJF Ventures","Sjf Ventures","35542","https://angel.co/sjf-ventures"
"Slow Ventures","","",""
"Sobera Capital","","",""
"Social + Capital Partnership","The Social+Capital Partnership","56776","https://angel.co/the-social-capital-partnership"
"Social Leverage","Social Leverage","34173","https://angel.co/social-leverage"
"Social Starts","Social Starts","307657","https://angel.co/social-starts-1"
"Social Venture Fund","Social Venture Fund","323029","https://angel.co/social-venture-fund"
"SocialStarts","","",""
"Société Financière Lorient Développementis","","",""
"Sodecan","","",""
"SODENA","SODENA","187783","https://angel.co/sodena"
"Sofinnova Ventures","","",""
"SoftBank Capital","SoftBank Capital","79702","https://angel.co/softbank-capital"
"SoftTech VC","SoftTech VC","38869","https://angel.co/softtech-vc"
"Solon Ventures","","",""
"Southern Cross Venture Partners","Southern Cross Venture Partners","71172","https://angel.co/southern-cross-venture-partners"
"SP Ventures","SparkLabs Global Ventures","282547","https://angel.co/sparklabs-global-ventures"
"Spark Capital","Spark Capital","39001","https://angel.co/spark-capital"
"Spark Ventures","SparkLabs Global Ventures","282547","https://angel.co/sparklabs-global-ventures"
"Spectrum Equity","Spectrum Equity","137242","https://angel.co/spectrum-equity"
"Speedinvest","Speedinvest","57280","https://angel.co/speedinvest"
"Split Rock Partners","","",""
"Springhill Venture Capital","","",""
"Staley Capital Advisors","","",""
"Star Ventures","Startup Studio Ventures","279573","https://angel.co/startup-studio-ventures"
"Starfish Ventures","Starfish Ventures","68565","https://angel.co/starfish-ventures"
"Stargate Capital","","",""
"Start Fund","Start Fund","39234","https://angel.co/start-fund"
"Start Up Navarra","","",""
"StarVest Partners","StarVest Partners","303489","https://angel.co/starvest-partners"
"Steamboat Ventures","Steamboat Ventures","40625","https://angel.co/steamboat-ventures"
"Stone Ridge Ventures","","",""
"Storm Ventures","Storm Ventures","56922","https://angel.co/storm-ventures"
"Streamlined Ventures","Streamlined Ventures","204473","https://angel.co/streamlined-ventures"
"Strive Capital","Strive Capital","173286","https://angel.co/strive-capital"
"Structure Capital","Idealab","29121","https://angel.co/idealab"
"Subtraction Capital","Subtraction Capital","195973","https://angel.co/subtraction-capital"
"Summerhill Venture Partners","SummerHill Venture Partners","40419","https://angel.co/summerhill-venture-partners"
"Summit Partners","Summit Partners","43318","https://angel.co/summit-partners"
"Sunstone Capital","Sunstone Capital","172328","https://angel.co/sunstone-capital"
"Sutter Hill Ventures","Sutter Hill Ventures","134956","https://angel.co/sutter-hill-ventures"
"SV Angel","SV Angel","43056","https://angel.co/sv-angel"
"SV Life Sciences","","",""
"SW Capital Partners","","",""
"Synergis Technologies","Synergistic Technologies","102142","https://angel.co/synergistic-technologies"
"Synova Capital","","",""
"T-Venture","TomorrowVentures","50497","https://angel.co/tomorrowventures"
"T2 Venture Capital","T2 Venture Capital","245953","https://angel.co/t2-venture-capital"
"TA Associates","Tailwind Associates","62019","https://angel.co/tailwind-associates"
"Talde venture capital","","",""
"Tandem Expansion Fund","","",""
"Target Partners","target partners","196298","https://angel.co/target-partners"
"Tate & Lyle Ventures","","",""
"Tecent Capital","","",""
"TechnoCap","","",""
"Technology Crossover Ventures","Technology Crossover Ventures","52995","https://angel.co/technology-crossover-ventures"
"TechnoStart","","",""
"TechOperators","","",""
"Ted Meisel","","",""
"Telesystem","Telesystems Ltd","250370","https://angel.co/telesystems-ltd"
"Telus Ventures","","",""
"Tenaya Capital","Tenaya Capital","89479","https://angel.co/tenaya-capital"
"TenOneTen Ventures","TenOneTen Ventures","247481","https://angel.co/tenoneten-ventures"
"Terra Rossa Capital","","",""
"Thames Valley Capital","","",""
"The Bloomsbury Bioseed Fund","","",""
"The Entrepreneurs' Fund III","Clayton Associates","138915","https://angel.co/clayton-associates"
"The North West Fund","White Star Capital","177466","https://angel.co/white-star-capital"
"The Westly Group","The Westly Group","223565","https://angel.co/the-westly-group"
"Third Rock Ventures","Third Rock Ventures","47706","https://angel.co/third-rock-ventures"
"Thrive Capital","Thrive Capital","65531","https://angel.co/thrive-capital"
"Tiger Global Management","InVisionApp Inc","21569","https://angel.co/invisionapp-inc"
"TLcom Capital Partners","TLcom Capital Partners","49097","https://angel.co/tlcom-capital-partners"
"TomorrowVentures","TomorrowVentures","50497","https://angel.co/tomorrowventures"
"Torsa Capital, SGECR, S.A.","","",""
"TowerBrook Capital Partners","","",""
"Trailblazer Capital","Trailblazer Capital","218604","https://angel.co/trailblazer-capital"
"Transmedia Capital","Transmedia Capital","37929","https://angel.co/transmedia-capital"
"Trestle Ventures","Trestle Ventures","41234","https://angel.co/trestle-ventures"
"Triangle Peak Partners","Triangle Peak Partners","138841","https://angel.co/triangle-peak-partners"
"Tribeca Venture Partners","Tribeca Venture Partners","89725","https://angel.co/tribeca-venture-partners"
"Trident Capital","Trident Capital","43388","https://angel.co/trident-capital"
"Trinity Ventures","Trinity Ventures","38405","https://angel.co/trinity-ventures"
"TriStar Technology Ventures","","",""
"Trivaris","","",""
"True Ventures","True Ventures","39488","https://angel.co/true-ventures"
"TTP Ventures","TTP Ventures","151819","https://angel.co/ttp-ventures"
"TVM Capital","","",""
"Union Square Ventures","Union Square Ventures","38089","https://angel.co/union-square-ventures"
"Unipartners","","",""
"Uniseed Pty","","",""
"Unternehmertum Fund","","",""
"Updata Partners","Updata Partners","53469","https://angel.co/updata-partners"
"Upfront Ventures","Upfront Ventures","52304","https://angel.co/upfront-ventures-1"
"US Venture Partners","US Venture Partners","38071","https://angel.co/us-venture-partners"
"V + Management GmBH","","",""
"Vaidya Capital Partners","Vaidya Capital Partners","202402","https://angel.co/vaidya-capital-partners"
"Valar Ventures","Valar Ventures","96600","https://angel.co/valar-ventures"
"Valhalla Partners","Valhalla Partners","275139","https://angel.co/valhalla-partners"
"Vanedge Capital","Vanedge Capital I LP","197338","https://angel.co/vanedge-capital-i-lp"
"VantagePoint Capital Partners","","",""
"Vast Ventures","Vast Ventures","191482","https://angel.co/vast-ventures"
"VegasTechFund","VegasTechFund","82314","https://angel.co/vegastechfund"
"Venrock","Venrock","39526","https://angel.co/venrock"
"Ventech","Ventech","66453","https://angel.co/ventech"
"Venture Institute","Venture Institute","221963","https://angel.co/venture-institute"
"Ventures West","WestTech Ventures","189192","https://angel.co/westtech-ventures"
"Verizon Ventures","Verizon Ventures","258625","https://angel.co/verizon-ventures"
"Versant Ventures","Versant Ventures","283602","https://angel.co/versant-ventures"
"Version One Ventures","Version One Ventures","106386","https://angel.co/version-one-ventures"
"Vertex Venture Capital","Vertex Venture Management","37792","https://angel.co/vertex-venture-management"
"Vicente Capital Partners","Vicente Capital Partners","298433","https://angel.co/vicente-capital-partners"
"Village Ventures","Village Ventures","50491","https://angel.co/village-ventures"
"Virgin Green Fund","ALWAYS FRESH FARMS, LLC","358063","https://angel.co/always-fresh-farms-llc"
"Vista Equity Partners","MicroEdge, a Vista Equity Partners Company","65551","https://angel.co/microedge-a-vista-equity-partners-company"
"Volition Capital","","",""
"Vox Capital","","",""
"Voyager Capital","Voyager Capital","43481","https://angel.co/voyager-capital"
"Vulcan Capital","Vulcan Capital","116924","https://angel.co/vulcan-capital"
"Walden Venture Capital","Walden Venture Capital","39508","https://angel.co/walden-venture-capital"
"Wasabi Ventures","Wasabi Ventures","73880","https://angel.co/wasabi-ventures"
"Webb Investment Network","Webb Investment Network","49840","https://angel.co/webb-investment-network"
"Wellington Financial","RiXtrema","269116","https://angel.co/rixtrema"
"Wellington Partners","Wellington Partners","37904","https://angel.co/wellington-partners"
"West Capital Advisors","","",""
"Westbridge Fund Managers Ltd.","","",""
"Western Technology Investment","Western Technology Investment","42792","https://angel.co/western-technology-investment"
"Westview Capital Partners","","",""
"White Star Capital","White Star Capital","177466","https://angel.co/white-star-capital"
"Wing VC","","",""
"Wolseley Private Equity","","",""
"Wyvern Fund","","",""
"XESGALICIA","","",""
"XL CAP","XL Capital","157605","https://angel.co/xl-capital"
"XPV Capital","","",""
"Yaletown Venture Partners","Yaletown Venture Partners","110737","https://angel.co/yaletown-venture-partners"
"Yellow Point Equity Partners","","",""
"YJ Capital","YJ Capital","316911","https://angel.co/yj-capital"
"Ysios Capital","","",""
"Yuuwa Capital","Yuuwa Capital","90232","https://angel.co/yuuwa-capital"
"Ziff Brothers Investments","Ziff Brothers Investments","180680","https://angel.co/ziff-brothers-investments"
"Zouk Capital","Zouk Capital","154105","https://angel.co/zouk-capital"
"Zukunftsfonds Heilbronn (ZFHN)","","",""
